Value,S,K,tau,r,BS
21.67040447,431.6238983,420,0.341269841,0.03013,Under
0.125000002,427.0155259,465,0.166666667,0.03126,Over
20.69124429,427.7623364,415,0.265873016,0.03116,Under
1.035002014,451.7116578,460,0.063492063,0.02972,Over
39.55301995,446.7189744,410,0.166666667,0.02962,Under
2.505002471,436.9585304,460,0.333333333,0.03023,Over
4.315,427.0155259,435,0.166666667,0.03126,Over
0.345001864,428.9963681,455,0.154761905,0.03116,Over
27.29742292,444.1861274,420,0.150793651,0.02993,Under
0.190000001,429.3142924,460,0.150793651,0.03085,Over
13.68777696,445.7899634,440,0.226190476,0.02982,Under
30.95951525,432.3504711,405,0.174603175,0.03168,Under
2.315001441,448.6881092,470,250,0.03013,Over
45.44616938,448.0366937,405,0.134920635,0.03034,Under
0.940000002,446.7189744,465,0.166666667,0.02962,Over
7.815000003,445.25269,450,0.277777778,0.02962,Over
34.53678854,448.076828,420,0.313492063,0.02972,Under
0.2200007,448.8851089,465,0.055555556,0.02962,Over
2.375002909,445.9456248,470,0.305555556,0.02962,Over
18.84733742,448.2201219,435,0.206349206,0.03003,Under
7.749999999,429.8845552,435,0.257936508,0.03065,Over
0.69,447.68234,460,0.079365079,0.02993,Over
12.3396876,431.9636481,425,0.119047619,0.02972,Under
1.125004795,447.9019152,460,0.091269841,0.02982,Over
1.44000438,431.2968119,445,0.146825397,0.03065,Over
44.33839744,446.7189744,405,0.166666667,0.02962,Under
22.84217641,429.3142924,410,0.150793651,0.03085,Under
11.40344951,446.2002336,445,0.281746032,0.02962,Over
13.07400766,431.6185995,430,0.293650794,0.03147,Under
16.59991321,445.9456248,440,0.305555556,0.02962,Under
2.815001147,444.3587258,470,0.345238095,0.03003,Over
0.4400001,448.91484,470,0.107142857,0.03023,Over
9.129999997,425.4723309,430,0.277777778,0.03126,Under
2.565000016,445.04224,455,146,0.03003,Over
14.7462626,437.4886857,425,0.087301587,0.02962,Under
6.750001696,431.0203943,440,0.285714286,0.03168,Over
8.75,439.0334457,445,0.325396825,0.03013,Over
1.440011838,439.4512179,460,0.19047619,0.02972,Over
54.87599552,430.6387189,380,0.28968254,0.03178,Under
35.47306952,436.8978738,405,0.206349206,0.03013,Under
10.52288835,454.0139173,445,0.03968254,0.03054,Under
11.5161633,440.4192668,435,0.178571429,0.03023,Over
5.065004026,441.3800698,440,0.071428571,0.02962,Over
34.2042673,447.4390092,420,0.333333333,0.02972,Under
0.315004397,435.0662955,455,0.126984127,0.03054,Over
8.38,430.9624272,435,0.234126984,0.02993,Under
0.190000001,439.7640001,475,0.178571429,0.03013,Over
11.45127253,434.7728549,425,0.043650794,0.03147,Under
2.940000007,445.4044911,455,0.174603175,0.02993,Over
27.34323597,435.0662955,410,0.126984127,0.03054,Under
3.69000003,451.5328956,470,0.285714286,0.03065,Over
2.190009136,444.2168275,475,0.365079365,0.03044,Over
26.82109246,439.0334457,420,0.325396825,0.03013,Under
20.61651031,446.7189744,430,0.166666667,0.02962,Under
2.625005472,431.3421064,430,0.011904762,0.03085,Over
14.95753435,444.2551857,430,0.027777778,0.02993,Under
34.59462257,429.1267787,395,0.027777778,0.03126,Under
0.250000023,438.1551356,480,0.329365079,0.03013,Over
2.314999997,451.2212549,480,0.392857143,0.03044,Over
38.91866524,445.9374459,410,0.174603175,0.03034,Under
3.875000001,434.7728549,435,0.043650794,0.03147,Under
4.875002551,443.9114394,450,0.162698413,0.03065,Over
27.81304542,446.7356691,420,0.063492063,0.02993,Under
14.73033817,448.3251089,435,0.055555556,0.02962,Under
11.25,445.9777397,450,0.357142857,0.03023,Under
12.86947605,429.8672081,425,0.23015873,0.03075,Under
0.315001617,438.2392193,455,0.095238095,0.03013,Over
3.815000011,435.1144736,450,0.30952381,0.02962,Over
2.125001143,432.1676924,450,0.218253968,0.02993,Over
17.80615312,443.7345937,435,0.301587302,0.02972,Under
28.66887602,439.4512179,415,0.19047619,0.02972,Under
12.53134609,434.5360356,425,0.111111111,0.03034,Over
2.910000008,443.9114394,455,0.162698413,0.03065,Over
30.10420757,436.2317107,410,0.198412698,0.02962,Under
1.905005959,427.7623364,450,0.265873016,0.03116,Over
30.68019343,439.0812026,415,0.293650794,0.02962,Under
27.8578699,451.7116578,425,0.063492063,0.02972,Under
16.95519952,433.4957861,420,0.111111111,0.02993,Under
14.29626136,429.8845552,425,0.257936508,0.03065,Under
21.42267947,447.3553842,435,0.317460317,0.03003,Under
23.22144991,448.2201219,430,0.206349206,0.03003,Under
8.924258419,443.0939992,440,0.138888889,0.02993,Over
14.43017074,430.9624272,425,0.234126984,0.02993,Under
35.37320929,445.25269,415,0.277777778,0.02962,Under
5.565000029,445.9374459,450,0.174603175,0.03034,Over
9.500000002,444.3357398,450,0.329365079,0.02993,Over
12.45095273,444.3357398,445,0.329365079,0.02993,Under
7.124999998,449.5572368,450,0.119047619,0.03044,Under
2.505002775,432.6954787,455,0.349206349,0.03054,Over
17.7802476,437.340595,425,0.21031746,0.03013,Under
5.440000002,446.0877318,465,0.373015873,0.03054,Over
1.255000001,436.2317107,455,0.198412698,0.02962,Over
20.03519826,431.2968119,415,0.146825397,0.03065,Under
5.625000718,441.3040754,440,0.071428571,0.03013,Over
5.205513998,446.7356691,445,0.063492063,0.02993,Over
27.96888876,441.8434249,415,0.067460317,0.03023,Under
38.84509786,447.68234,410,0.079365079,0.02993,Under
2.440000644,432.8664657,450,0.25,0.03003,Over
2.190002381,444.3971635,470,0.273809524,0.03034,Over
6.236461656,436.8680998,435,0.091269841,0.02972,Over
19.54285799,444.3357398,435,0.329365079,0.02993,Under
37.65834794,427.6047004,395,0.261904762,0.03085,Under
24.42872678,446.4020774,425,0.142857143,0.02982,Under
0.190000001,427.0155259,460,0.166666667,0.03126,Over
25.3713819,444.7248724,425,0.253968254,0.02982,Under
0.190008464,447.9019152,470,0.091269841,0.02982,Over
19.7797692,448.4573061,430,0.05952381,0.02962,Under
35.54480893,443.0939992,410,0.138888889,0.02993,Under
20.80921634,451.5328956,440,0.285714286,0.03065,Under
14.67236366,448.7759098,435,0.027777778,0.03034,Under
0.530000012,450.1225646,475,0.123015873,0.03054,Over
0.190002808,448.4573061,465,0.05952381,0.02962,Over
22.28111956,445.25269,430,0.277777778,0.02962,Under
21.7615375,443.7345937,430,0.301587302,0.02972,Under
1.755011109,447.2855227,470,0.246031746,0.03023,Over
38.92600458,447.5800236,410,0.087301587,0.02982,Under
27.90473531,431.0203943,410,0.285714286,0.03168,Under
0.470000001,434.7728549,445,0.043650794,0.03147,Over
28.82387365,433.9134008,410,0.238095238,0.03054,Under
16.67784088,443.8164193,435,0.257936508,0.03003,Under
7.315001219,445.9456248,455,0.305555556,0.02962,Over
40.2038061,449.2028174,410,0.063492063,0.03003,Under
21.77107097,427.0155259,410,0.166666667,0.03126,Under
5.315000173,445.4044911,450,0.174603175,0.02993,Over
14.07756217,447.3553842,445,0.317460317,0.03003,Under
13.96933113,447.1399062,435,0.067460317,0.03034,Under
6.500003051,430.6387189,440,0.28968254,0.03178,Over
1.375,434.0357221,460,0.305555556,0.02962,Over
23.9571555,440.0024167,420,0.182539683,0.02962,Under
3.875000003,436.2317107,445,0.198412698,0.02962,Over
24.02268183,439.7640001,420,0.178571429,0.03013,Under
42.44902161,445.04224,405,0.146825397,0.03003,Under
4.065000003,432.8664657,445,0.25,0.03003,Over
5.754999999,445.1287232,460,0.341269841,0.02982,Over
16.260894,447.3204143,445,0.361111111,0.03013,Under
18.80810706,435.1144736,425,0.30952381,0.02962,Under
23.19634453,447.5142016,425,0.031746032,0.02982,Under
2.505006422,441.8434249,445,0.067460317,0.03023,Over
8.380000004,435.1144736,440,0.30952381,0.02962,Over
0.505000237,443.9114394,470,0.162698413,0.03065,Over
6.375000033,440.5976748,440,0.091269841,0.03023,Under
24.28000147,447.5800236,425,0.087301587,0.02982,Under
15.56661949,449.3678772,440,0.198412698,0.02951,Under
0.255000006,442.5253661,480,0.261904762,0.02993,Over
33.17977647,442.490015,410,0.043650794,0.02962,Under
0.125000495,448.2183935,500,0.30952381,0.02951,Over
4.315003906,429.3142924,435,0.150793651,0.03085,Over
2.255006842,444.4964371,470,0.337301587,0.02982,Over
42.248112,427.6047004,390,0.261904762,0.03085,Under
18.25708967,445.25269,435,0.277777778,0.02962,Under
4.315000003,431.6238983,450,0.341269841,0.03013,Over
18.22385664,447.3506992,435,0.194444444,0.02962,Under
19.80087232,426.0250065,415,0.281746032,0.03188,Under
5.965660217,429.1267787,425,0.027777778,0.03126,Under
3.125001375,436.8680998,440,0.091269841,0.02972,Over
44.38963558,445.0663559,405,0.265873016,0.02982,Under
15.49202133,438.2392193,425,0.095238095,0.03013,Under
9.250000002,439.4512179,440,0.19047619,0.02972,Under
0.185000001,427.6047004,475,0.261904762,0.03085,Over
3.505000118,444.4964371,465,0.337301587,0.02982,Over
56.10644635,432.4600703,380,0.253968254,0.03044,Under
23.44888371,447.1399062,425,0.067460317,0.03034,Under
9.130000003,431.0203943,435,0.285714286,0.03168,Over
42.90047859,447.3553842,410,0.317460317,0.03003,Under
28.67779543,430.9376405,410,0.345238095,0.03054,Under
14.86545424,442.1827138,435,0.25,0.02993,Over
8.644881088,450.3992978,445,0.067460317,0.03003,Under
45.72102336,446.2002336,405,0.281746032,0.02962,Under
46.5272238,449.5572368,405,0.119047619,0.03044,Under
4.815004423,428.042219,435,0.170634921,0.03188,Over
20.03411396,433.7343048,420,0.202380952,0.03003,Under
28.84702723,451.5328956,430,0.285714286,0.03065,Under
1.940000842,446.7189744,460,0.166666667,0.02962,Over
26.4565375,438.453825,420,0.301587302,0.02972,Under
42.68633328,447.4149994,410,0.261904762,0.03054,Under
33.2490596,433.8638638,405,0.206349206,0.03013,Under
37.42602828,441.3800698,405,0.071428571,0.02962,Under
0.19,431.2968119,460,0.146825397,0.03065,Over
6.55619229,448.4573061,445,0.05952381,0.02962,Over
37.45475611,441.3040754,405,0.071428571,0.03013,Under
12.22010587,439.178772,435,0.198412698,0.03023,Under
36.579012,444.3587258,415,0.345238095,0.03003,Under
1.255,426.0250065,455,0.281746032,0.03188,Over
0.690000189,445.8472213,475,0.234126984,0.03003,Over
5.75000779,446.2002336,455,0.281746032,0.02962,Over
0.440011754,455.326664,470,0.043650794,0.03065,Under
10.4141747,437.4886857,430,0.087301587,0.02962,Over
10.75,436.9585304,440,0.333333333,0.03023,Under
28.90349002,440.4192668,415,0.178571429,0.03023,Under
5.379999998,448.6881092,460,0.25,0.03013,Over
26.84158108,446.7230743,430,0.369047619,0.03044,Under
0.155000085,440.0024167,470,0.182539683,0.02962,Over
32.20847843,432.8854371,405,0.226190476,0.03054,Under
9.176991834,447.4146311,440,0.043650794,0.02982,Under
17.48080092,452.7339419,445,0.277777778,0.03044,Under
16.8524962,427.7623364,420,0.265873016,0.03116,Under
16.39937635,431.372871,425,0.333333333,0.03034,Under
0.780000001,434.7576774,450,0.095238095,0.03003,Over
9.250000004,442.5253661,445,0.261904762,0.02993,Over
2.005000006,438.8067653,445,0.099206349,0.03013,Over
6.75500001,445.3200266,450,0.218253968,0.02993,Over
21.73861311,448.2183935,435,0.30952381,0.02951,Under
0.565001256,433.9134008,460,0.238095238,0.03054,Over
33.39037468,447.7306202,420,0.257936508,0.03044,Under
0.565000068,433.6838125,450,0.123015873,0.03054,Over
59.82516913,430.6387189,375,0.28968254,0.03178,Under
31.58071599,444.3357398,420,0.329365079,0.02993,Under
30.79750432,433.6838125,405,0.123015873,0.03054,Under
3.190000005,432.6332958,445,0.182539683,0.03147,Over
0.190000152,431.372871,475,0.333333333,0.03034,Over
0.905005565,441.8434249,450,0.067460317,0.03023,Over
0.845000005,443.9114394,465,0.162698413,0.03065,Over
11.625,444.8352466,450,0.384920635,0.03034,Under
33.93535895,447.3553842,420,0.317460317,0.03003,Under
16.5471951,445.4717879,430,0.03968254,0.02993,Under
0.970000002,451.40691,455,0.015873016,0.03054,Over
35.78166867,444.3357398,415,0.329365079,0.02993,Under
37.04046543,432.4600703,400,0.253968254,0.03044,Under
0.255000028,446.2002336,480,0.281746032,0.02962,Over
3.190000125,439.0812026,460,0.293650794,0.02962,Over
0.285003602,430.3466997,470,0.222222222,0.02951,Over
3.875000026,447.68234,450,0.079365079,0.02993,Over
1.315000001,431.2846156,455,0.23015873,0.02972,Over
0.845000002,448.0366937,470,0.134920635,0.03034,Over
19.66488124,444.4964371,435,0.337301587,0.02982,Under
1.375,443.7288522,470,0.30952381,0.03034,Over
25.22188776,446.7189744,425,0.166666667,0.02962,Under
15.38414621,446.7230743,445,0.369047619,0.03044,Under
0.315009901,448.0150228,475,0.170634921,0.03003,Over
13.01669891,438.4345037,435,0.293650794,0.02962,Over
9.224797666,447.1663451,445,0.170634921,0.02962,Over
20.13269659,438.2392193,420,0.095238095,0.03013,Under
3.815000009,435.751429,450,0.317460317,0.03013,Over
21.43032633,448.91484,430,0.107142857,0.03023,Under
10.8530027,445.04224,440,0.146825397,0.03003,Under
16.05588371,445.7165114,435,0.166666667,0.02972,Under
0.280000064,442.490015,455,0.043650794,0.02962,Over
2.815000227,445.0345554,465,0.253968254,0.03044,Over
4.690001226,449.5572368,455,0.119047619,0.03044,Under
0.47000005,448.0366937,475,0.134920635,0.03034,Over
0.440005256,432.4007399,460,0.234126984,0.03054,Over
29.64404469,431.9636481,405,0.119047619,0.02972,Under
13.81183171,437.340595,430,0.21031746,0.03013,Over
3.005004839,434.6381069,435,0.035714286,0.03168,Over
1.624999997,429.5789579,455,0.341269841,0.03075,Over
12.78491651,434.3538655,425,0.115079365,0.03054,Under
36.15472289,444.4964371,415,0.337301587,0.02982,Under
36.83162298,428.9963681,395,0.154761905,0.03116,Under
3.189999999,446.3030347,455,0.154761905,0.02982,Over
37.61902203,451.7116578,415,0.063492063,0.02972,Under
27.34885645,425.4723309,405,0.277777778,0.03126,Under
23.78364977,431.4105004,410,0.119047619,0.03075,Under
20.75031266,438.8067653,420,0.099206349,0.03013,Under
0.315,449.5514808,480,0.202380952,0.02972,Over
13.77414875,448.0366937,440,0.134920635,0.03034,Under
48.15083935,448.2183935,405,0.30952381,0.02951,Under
0.375002845,447.7306202,490,0.257936508,0.03044,Over
32.64973459,450.5560189,420,0.111111111,0.03013,Under
31.84441578,435.751429,410,0.317460317,0.03013,Under
0.755000544,445.9777397,485,0.357142857,0.03023,Over
2.375000034,429.3142924,440,0.150793651,0.03085,Over
22.83200343,441.3040754,420,0.071428571,0.03013,Under
23.74834648,448.6627926,430,0.222222222,0.02972,Under
4.065000025,445.1287232,465,0.341269841,0.02982,Over
5.629999999,447.4149994,460,0.261904762,0.03054,Under
8.357515779,446.6764006,445,0.115079365,0.03044,Under
0.375002088,434.5644658,455,0.138888889,0.03003,Over
4.565000002,447.9019152,450,0.091269841,0.02982,Over
33.57475622,439.5547475,410,0.194444444,0.03013,Under
13.95799809,437.7385393,435,0.313492063,0.03013,Under
0.190006356,428.042219,465,0.170634921,0.03188,Over
7.440007207,447.3204143,460,0.361111111,0.03013,Under
22.17552831,450.451879,430,0.083333333,0.02972,Under
3.815000003,435.7231281,445,0.194444444,0.02962,Over
11.22058811,432.8854371,430,0.226190476,0.03054,Over
1.314999998,439.178772,460,0.198412698,0.03023,Over
14.80375264,432.4007399,425,0.234126984,0.03054,Under
0.315005882,446.4020774,470,0.142857143,0.02982,Over
1.005000064,448.8022885,490,0.388888889,0.03023,Over
11.7114951,445.0345554,445,0.253968254,0.03044,Under
0.22,445.8472213,490,0.234126984,0.03003,Over
22.83965406,446.5884697,425,0.05952381,0.02972,Under
26.66642776,447.3506992,425,0.194444444,0.02962,Under
18.66577873,438.453825,430,0.301587302,0.02972,Under
19.56148584,450.8517371,440,0.281746032,0.03054,Under
45.77000231,448.0150228,405,0.170634921,0.03003,Under
8.880000001,435.751429,440,0.317460317,0.03013,Over
0.440001768,446.7189744,470,0.166666667,0.02962,Over
19.08192036,431.4105004,415,0.119047619,0.03075,Under
0.190000015,445.9374459,475,0.174603175,0.03034,Over
1.875000422,443.0939992,455,0.138888889,0.02993,Over
3.814999999,439.5547475,450,0.194444444,0.03013,Over
8.624999997,,,,0.03003,Over
0.190000018,447.1663451,475,0.170634921,0.02962,Over
2.875000004,454.5856958,465,0.142857143,0.03044,Over
1.315011001,445.04224,460,0.146825397,0.03003,Over
36.80965972,445.9456248,415,0.305555556,0.02962,Under
39.56625444,447.3204143,415,0.361111111,0.03013,Under
20.13288174,447.7148387,430,0.095238095,0.03003,Under
13.71290263,452.7339419,450,0.277777778,0.03044,Under
32.49659567,441.3800698,410,0.071428571,0.02962,Under
30.84039904,433.4957861,405,0.111111111,0.02993,Under
34.61471938,440.9534382,410,0.19047619,0.03013,Under
15.62417317,448.6627926,440,0.222222222,0.02972,Under
13.47644086,434.7576774,425,0.095238095,0.03003,Under
0.625000332,450.8517371,490,0.281746032,0.03054,Over
16.78419455,442.0791578,435,0.297619048,0.03065,Under
18.45990738,445.8472213,435,0.234126984,0.03003,Under
45.33464371,444.4964371,405,0.337301587,0.02982,Under
23.03336785,436.4152726,415,0.083333333,0.02962,Under
0.345006181,445.3200266,480,0.218253968,0.02993,Over
24.48023634,430.9376405,415,0.345238095,0.03054,Under
0.190006709,431.9013335,460,0.123015873,0.02993,Over
1.345,432.4600703,455,0.253968254,0.03044,Over
11.69144086,447.7148387,440,0.095238095,0.03003,Under
50.55448197,431.0203943,385,0.285714286,0.03168,Under
4.125000001,439.4512179,450,0.19047619,0.02972,Over
0.3450085,427.6047004,465,0.261904762,0.03085,Over
12.12015357,451.40691,440,0.015873016,0.03054,Under
14.40654041,443.7288522,440,0.30952381,0.03034,Under
12.69503291,435.8014478,430,0.202380952,0.02972,Under
35.24333025,449.2028174,415,0.063492063,0.03003,Under
20.23985417,445.9456248,435,0.305555556,0.02962,Under
2.190000956,448.2201219,465,0.206349206,0.03003,Over
15.21038529,438.453825,435,0.301587302,0.02972,Under
0.125001151,443.7345937,490,0.301587302,0.02972,Over
46.98264902,451.5328956,410,0.285714286,0.03065,Under
35.48195643,434.7728549,400,0.043650794,0.03147,Under
9.552078991,442.490015,435,0.043650794,0.02962,Under
28.7235238,433.7343048,410,0.202380952,0.03003,Under
10.875,447.3553842,450,0.317460317,0.03003,Under
0.565000175,430.9624272,465,0.234126984,0.02993,Over
5.629999999,443.7288522,455,0.30952381,0.03034,Over
10.51738468,448.4573061,440,0.05952381,0.02962,Under
0.345004862,448.6881092,490,0.25,0.03013,Over
3.565000004,448.2201219,460,0.206349206,0.03003,Over
38.93041996,448.076828,415,0.313492063,0.02972,Under
1.719999998,451.2212549,485,0.392857143,0.03044,Over
0.50500734,446.0877318,490,0.373015873,0.03054,Over
12.8349519,445.9456248,445,0.305555556,0.02962,Under
4.315000001,447.2855227,460,0.246031746,0.03023,Over
32.70938166,448.8022885,425,0.388888889,0.03023,Under
1.470000002,445.4717879,450,0.03968254,0.02993,Over
0.780000001,450.5560189,470,0.111111111,0.03013,Over
22.98253719,446.7356691,425,0.063492063,0.02993,Under
0.280000075,447.4146311,460,0.043650794,0.02982,Over
1.504999998,442.5253661,465,0.261904762,0.02993,Over
3.874999999,453.9069217,465,0.150793651,0.03065,Under
12.52750145,433.6838125,425,0.123015873,0.03054,Under
31.63770701,450.3793896,425,0.273809524,0.03023,Under
8.592567767,433.2991974,425,0.007936508,0.03065,Under
0.625000049,428.9963681,450,0.154761905,0.03116,Over
27.99975127,447.2855227,425,0.246031746,0.03023,Under
40.01740783,452.4036368,415,0.138888889,0.03023,Under
11.125,448.8022885,455,0.388888889,0.03023,Under
0.565001515,432.4600703,460,0.253968254,0.03044,Over
8.815000002,439.178772,440,0.198412698,0.03023,Under
6.625000003,448.0366937,450,0.134920635,0.03034,Under
12.20529123,426.0250065,425,0.281746032,0.03188,Under
9.130000003,450.3793896,455,0.273809524,0.03023,Under
17.67716129,434.7576774,420,0.095238095,0.03003,Under
3.44000006,450.8517371,470,0.281746032,0.03054,Over
27.0918451,435.1144736,415,0.30952381,0.02962,Under
20.16406452,431.372871,420,0.333333333,0.03034,Under
5.255,434.3538655,435,0.115079365,0.03054,Over
3.87500002,445.4717879,445,0.03968254,0.02993,Over
23.10121645,429.5789579,415,0.341269841,0.03075,Under
33.88260894,446.6764006,415,0.115079365,0.03044,Under
0.78,434.8916884,450,0.099206349,0.03013,Over
34.69983955,439.2501022,410,0.28968254,0.03023,Under
2.845000291,431.0203943,450,0.285714286,0.03168,Over
1.405000002,443.7345937,470,0.301587302,0.02972,Over
2.004999998,447.3204143,480,0.361111111,0.03013,Over
16.81777535,443.0939992,430,0.138888889,0.02993,Under
2.910000057,445.3200266,460,0.218253968,0.02993,Over
4.439999997,436.8978738,445,0.206349206,0.03013,Over
31.73549073,431.2846156,405,0.23015873,0.02972,Under
34.01122135,446.4020774,415,0.142857143,0.02982,Under
6.500002891,446.1397613,455,0.305555556,0.03003,Over
48.92127072,429.8845552,385,0.257936508,0.03065,Under
17.55788986,452.6493258,440,0.146825397,0.03054,Under
22.21366351,437.340595,420,0.21031746,0.03013,Under
0.250009402,443.9114394,475,0.162698413,0.03065,Over
11.57287758,445.4044911,440,0.174603175,0.02993,Over
14.1925711,447.3506992,440,0.194444444,0.02962,Under
17.8165452,445.0663559,435,0.265873016,0.02982,Under
18.08391905,432.6954787,425,0.349206349,0.03054,Under
5.125003476,433.1969982,440,0.222222222,0.03034,Over
2.505000021,450.6219581,450,0.011904762,0.03044,Under
35.96391099,437.340595,405,0.21031746,0.03013,Under
3.189999999,454.0139173,455,0.03968254,0.03054,Over
21.62603989,436.8978738,420,0.206349206,0.03013,Under
38.52530737,452.7339419,420,0.277777778,0.03044,Under
45.84262084,426.0250065,385,0.281746032,0.03188,Under
0.565000651,448.2201219,475,0.206349206,0.03003,Over
45.55762609,430.6387189,390,0.28968254,0.03178,Under
5.875000638,433.7343048,440,0.202380952,0.03003,Over
12.755,447.3204143,450,0.361111111,0.03013,Under
19.72504942,449.5514808,435,0.202380952,0.02972,Under
30.12343395,439.2501022,415,0.28968254,0.03023,Under
36.47767365,435.699325,405,0.321428571,0.03013,Under
20.04064085,447.9019152,430,0.091269841,0.02982,Under
20.78627528,431.541983,420,0.337301587,0.03054,Under
17.30727546,444.0382639,435,0.285714286,0.02993,Under
33.44755056,431.541983,405,0.337301587,0.03054,Under
7.250001034,430.9376405,440,0.345238095,0.03054,Over
32.92869658,441.8434249,410,0.067460317,0.03023,Under
0.190000194,430.9376405,475,0.345238095,0.03054,Over
41.94582444,432.8664657,395,0.25,0.03003,Under
2.625000009,448.0366937,460,0.134920635,0.03034,Over
37.37813045,454.5856958,420,0.142857143,0.03044,Under
42.72216801,447.7306202,410,0.257936508,0.03044,Under
18.08474979,436.9585304,430,0.333333333,0.03023,Under
0.940000012,432.8854371,455,0.226190476,0.03054,Over
14.39189228,428.9963681,420,0.154761905,0.03116,Under
0.875000024,448.6881092,480,0.25,0.03013,Over
2.565002631,445.1287232,470,0.341269841,0.02982,Over
0.285009669,439.7640001,470,0.178571429,0.03013,Over
6.065000019,435.7231281,440,0.194444444,0.02962,Over
12.21470704,433.7343048,430,0.202380952,0.03003,Under
22.80034148,430.9624272,415,0.234126984,0.02993,Under
41.60531469,449.5572368,410,0.119047619,0.03044,Under
6.124999999,434.7576774,435,0.095238095,0.03003,Under
10.25,447.7306202,450,0.257936508,0.03044,Under
0.155000434,438.4345037,480,0.293650794,0.02962,Over
0.375000264,433.4957861,455,0.111111111,0.02993,Over
19.50948518,432.4600703,420,0.253968254,0.03044,Under
1.505000002,429.8672081,450,0.23015873,0.03075,Over
30.28607663,434.6381069,405,0.035714286,0.03168,Under
17.17237512,434.3538655,420,0.115079365,0.03054,Under
33.83352267,443.8164193,415,0.257936508,0.03003,Under
19.75479378,433.8867624,415,0.03968254,0.03178,Under
26.62722361,448.0150228,425,0.170634921,0.03003,Under
19.8323267,440.4192668,425,0.178571429,0.03023,Under
7.375,428.042219,430,0.170634921,0.03188,Under
8.000000108,447.3553842,455,0.317460317,0.03003,Over
2.315000282,440.9534382,455,0.19047619,0.03013,Over
23.36731896,432.8854371,415,0.226190476,0.03054,Under
0.155000035,435.7231281,470,0.194444444,0.02962,Over
1.035000019,444.2168275,485,0.365079365,0.03044,Over
1.624999999,448.6881092,475,0.25,0.03013,Over
0.250000003,445.9374459,470,0.174603175,0.03034,Over
0.125000001,450.3992978,470,0.067460317,0.03003,Over
2.005006156,445.0663559,465,0.265873016,0.02982,Over
17.54225762,432.3504711,420,0.174603175,0.03168,Under
37.35171418,442.5253661,410,0.261904762,0.02993,Under
4.625000002,455.326664,455,0.043650794,0.03065,Under
45.13428713,449.2028174,405,0.063492063,0.03003,Under
0.155000998,451.5328956,490,0.285714286,0.03065,Over
20.10976897,429.2550328,410,0.031746032,0.03188,Under
0.315000008,435.699325,470,0.321428571,0.03013,Over
0.125000002,440.5976748,465,0.091269841,0.03023,Over
1.845,438.4345037,460,0.293650794,0.02962,Over
26.9131601,450.451879,425,0.083333333,0.02972,Under
16.77686361,444.3587258,440,0.345238095,0.03003,Under
7.00500027,427.7623364,435,0.265873016,0.03116,Over
0.375011204,432.8664657,465,0.25,0.03003,Over
1.254999998,444.1861274,460,0.150793651,0.02993,Over
5.44000418,432.4007399,440,0.234126984,0.03054,Over
0.285000002,436.8978738,465,0.206349206,0.03013,Over
9.116162586,446.5884697,440,0.05952381,0.02972,Under
28.66549841,439.178772,415,0.198412698,0.03023,Under
16.60504936,435.8014478,425,0.202380952,0.02972,Under
0.505000504,425.4723309,465,0.277777778,0.03126,Over
4.374999998,444.3971635,460,0.273809524,0.03034,Over
11.52240517,435.751429,435,0.317460317,0.03013,Over
6.999999999,452.6493258,455,0.146825397,0.03054,Under
0.815010085,446.7356691,455,0.063492063,0.02993,Over
55.9590758,431.6185995,380,0.293650794,0.03147,Under
23.36881066,444.3357398,430,0.329365079,0.02993,Under
12.47177912,439.4512179,435,0.19047619,0.02972,Under
12.70716223,450.8517371,450,0.281746032,0.03054,Under
28.52585228,439.7640001,415,0.178571429,0.03013,Under
33.27065637,439.4512179,410,0.19047619,0.02972,Under
25.28523287,445.9777397,430,0.357142857,0.03023,Under
0.315007301,447.3506992,480,0.194444444,0.02962,Over
25.2600823,435.8014478,415,0.202380952,0.02972,Under
14.61993825,445.8472213,440,0.234126984,0.03003,Under
37.22357487,451.3352474,415,0.05952381,0.02951,Under
1.375000005,444.4964371,475,0.337301587,0.02982,Over
14.15727331,433.7295652,430,0.313492063,0.02972,Under
0.970000002,432.6332958,455,0.182539683,0.03147,Over
5.4400012,446.5884697,445,0.05952381,0.02972,Over
18.03726285,448.076828,440,0.313492063,0.02972,Under
1.625000002,447.3553842,475,0.317460317,0.03003,Over
5.564999998,447.3204143,465,0.361111111,0.03013,Over
18.14703058,446.7356691,430,0.063492063,0.02993,Under
3.255,443.0939992,450,0.138888889,0.02993,Over
27.60056244,448.2201219,425,0.206349206,0.03003,Under
41.63964545,446.1397613,410,0.305555556,0.03003,Under
36.11845664,445.4717879,410,0.03968254,0.02993,Under
4.375000002,438.8067653,440,0.099206349,0.03013,Over
1.005,430.9624272,460,0.234126984,0.02993,Over
0.125000368,433.1969982,470,0.222222222,0.03034,Over
1.315000793,436.8680998,445,0.091269841,0.02972,Over
0.125000007,445.04224,480,0.146825397,0.03003,Over
10.38,448.6881092,450,0.25,0.03013,Under
16.7737581,445.1287232,440,0.341269841,0.02982,Under
25.9128381,432.6954787,415,0.349206349,0.03054,Under
0.220000011,429.1267787,440,0.027777778,0.03126,Over
14.4015782,450.5560189,440,0.111111111,0.03013,Under
23.4132174,454.5856958,435,0.142857143,0.03044,Under
0.345000216,434.7576774,455,0.095238095,0.03003,Over
0.755000235,442.5253661,470,0.261904762,0.02993,Over
1.815000021,438.2392193,445,0.095238095,0.03013,Over
0.374999999,432.8854371,460,0.226190476,0.03054,Over
0.125000085,453.6235539,470,0.031746032,0.03023,Under
0.47,455.8806188,465,0.035714286,0.03044,Over
26.04757538,445.0663559,425,0.265873016,0.02982,Under
26.17199945,433.4957861,410,0.111111111,0.02993,Under
34.68261033,454.0139173,420,0.03968254,0.03054,Under
20.93149809,431.9013335,415,0.123015873,0.02993,Under
19.54815823,448.7759098,430,0.027777778,0.03034,Under
7.879999998,430.3466997,435,0.222222222,0.02951,Under
2.505000131,439.4512179,455,0.19047619,0.02972,Over
8.102550349,431.2968119,430,0.146825397,0.03065,Over
23.61727859,436.8680998,415,0.091269841,0.02972,Under
28.51503445,431.6185995,410,0.293650794,0.03147,Under
0.905,434.5644658,450,0.138888889,0.03003,Over
17.18964333,450.3992978,435,0.067460317,0.03003,Under
32.29341373,433.1969982,405,0.222222222,0.03034,Under
16.51921407,429.8672081,420,0.23015873,0.03075,Under
1.315008818,429.3142924,445,0.150793651,0.03085,Over
1.155000001,433.9134008,455,0.238095238,0.03054,Over
4.625000002,438.453825,455,0.301587302,0.02972,Over
1.845000001,448.2183935,475,0.30952381,0.02951,Over
6.255000063,440.0674167,445,0.182539683,0.02962,Over
0.940002993,446.5884697,455,0.05952381,0.02972,Over
2.940001279,441.70592,445,0.051587302,0.02972,Under
24.57147288,445.7165114,425,0.166666667,0.02972,Under
22.8499007,440.5976748,420,0.091269841,0.03023,Under
37.56802389,450.5560189,415,0.111111111,0.03013,Under
8.004999997,432.8854371,435,0.226190476,0.03054,Over
43.85300253,447.5800236,405,0.087301587,0.02982,Under
36.26239904,425.4723309,395,0.277777778,0.03126,Under
5.629999997,437.7385393,450,0.313492063,0.03013,Over
12.25,446.0877318,450,0.373015873,0.03054,Under
19.27841234,429.5789579,420,0.341269841,0.03075,Under
0.285000005,447.3553842,490,0.317460317,0.03003,Over
1.125000017,446.0877318,485,0.373015873,0.03054,Over
18.39925528,441.8434249,425,0.067460317,0.03023,Under
43.61294731,431.2968119,390,0.146825397,0.03065,Under
9.96040779,453.6235539,445,0.031746032,0.03023,Under
0.565000594,435.8014478,460,0.202380952,0.02972,Over
34.27504301,447.7148387,415,0.095238095,0.03003,Under
21.57584155,444.8352466,435,0.384920635,0.03034,Under
11.25,447.4390092,450,0.333333333,0.02972,Under
0.410000631,434.5360356,450,0.111111111,0.03034,Over
26.48086506,434.5360356,410,0.111111111,0.03034,Under
27.2109464,434.5644658,410,0.138888889,0.03003,Under
0.220000073,438.4345037,475,0.293650794,0.02962,Over
6.303698419,433.8867624,430,0.03968254,0.03178,Under
23.45500287,450.1225646,430,0.123015873,0.03054,Under
26.78349453,439.0812026,420,0.293650794,0.02962,Under
42.66057782,444.8352466,410,0.384920635,0.03034,Under
10.6682891,450.5560189,445,0.111111111,0.03013,Under
28.14975694,445.9456248,425,0.305555556,0.02962,Under
0.970000084,431.541983,460,0.337301587,0.03054,Over
6.065001171,432.8664657,440,0.25,0.03003,Over
35.03987163,446.7230743,420,0.369047619,0.03044,Under
43.68870795,446.4020774,405,0.142857143,0.02982,Under
21.96587857,432.6954787,420,0.349206349,0.03054,Under
3.505000048,442.0791578,460,0.297619048,0.03065,Over
21.05509672,438.4345037,425,0.293650794,0.02962,Under
11.5,438.1551356,440,0.329365079,0.03013,Under
45.23867868,452.6493258,410,0.146825397,0.03054,Under
17.90695516,430.3466997,420,0.222222222,0.02951,Under
0.125001466,430.9376405,480,0.345238095,0.03054,Over
29.53149641,445.9374459,420,0.174603175,0.03034,Under
5.75,432.6954787,445,0.349206349,0.03054,Over
31.23988993,455.326664,425,0.043650794,0.03065,Under
21.81427355,430.3466997,415,0.222222222,0.02951,Under
3.815000004,442.1827138,455,0.25,0.02993,Over
33.61284932,445.9777397,420,0.357142857,0.03023,Under
27.39201313,435.751429,415,0.317460317,0.03013,Under
29.89474715,431.9013335,405,0.123015873,0.02993,Under
39.62001664,429.8845552,395,0.257936508,0.03065,Under
17.78867502,451.3352474,435,0.05952381,0.02951,Under
29.58473592,444.8352466,425,0.384920635,0.03034,Under
46.64368791,450.451879,405,0.083333333,0.02972,Under
36.69843307,450.451879,415,0.083333333,0.02972,Under
14.70063073,438.1551356,435,0.329365079,0.03013,Under
2.255000599,449.3678772,465,0.198412698,0.02951,Over
0.22,438.8067653,455,0.099206349,0.03013,Over
2.375002483,435.1144736,455,0.30952381,0.02962,Over
8.874999998,433.8638638,435,0.206349206,0.03013,Under
10.983558,448.8851089,440,0.055555556,0.02962,Under
13.9487306,441.0341462,430,0.087301587,0.03013,Under
43.46765115,445.7165114,405,0.166666667,0.02972,Under
30.41470833,434.0357221,410,0.305555556,0.02962,Under
13.19876083,431.541983,430,0.337301587,0.03054,Under
2.125004735,446.2002336,465,0.281746032,0.02962,Over
0.940000062,439.2501022,465,0.28968254,0.03023,Over
24.27905584,427.6047004,410,0.261904762,0.03085,Under
45.09677288,432.3504711,390,0.174603175,0.03168,Under
1.250000001,448.0150228,465,0.170634921,0.03003,Over
11.81780445,429.5789579,430,0.341269841,0.03075,Over
7.815000015,433.7295652,440,0.313492063,0.02972,Over
50.54790774,426.0250065,380,0.281746032,0.03188,Under
0.345008178,435.8014478,465,0.202380952,0.02972,Over
18.54365547,439.0334457,430,0.325396825,0.03013,Under
0.87500017,438.1551356,470,0.329365079,0.03013,Over
23.27208516,425.4723309,410,0.277777778,0.03126,Under
0.345000005,433.8867624,445,0.03968254,0.03178,Over
26.06815082,448.2183935,430,0.30952381,0.02951,Under
42.23669268,448.6627926,410,0.222222222,0.02972,Under
2.470000015,448.7759098,450,0.027777778,0.03034,Over
2.255003913,435.751429,455,0.317460317,0.03013,Over
4.314999999,452.4036368,460,0.138888889,0.03023,Under
7.500000001,432.6332958,435,0.182539683,0.03147,Under
36.82590037,443.9114394,410,0.162698413,0.03065,Under
34.00400558,447.5800236,415,0.087301587,0.02982,Under
7.437586407,451.40691,445,0.015873016,0.03054,Under
43.57130164,448.2183935,410,0.30952381,0.02951,Under
30.28678855,433.7295652,410,0.313492063,0.02972,Under
25.81952569,448.076828,430,0.313492063,0.02972,Under
21.5936025,433.4957861,415,0.111111111,0.02993,Under
46.43770337,434.5644658,390,0.138888889,0.03003,Under
19.82498152,446.4020774,430,0.142857143,0.02982,Under
10.07742525,444.0382639,445,0.285714286,0.02993,Over
4.505003614,428.9963681,435,0.154761905,0.03116,Over
3.255000045,445.0663559,460,0.265873016,0.02982,Over
15.67299012,432.4600703,425,0.253968254,0.03044,Under
0.16,430.9624272,480,0.234126984,0.02993,Under
19.96006225,446.6764006,430,0.115079365,0.03044,Under
37.90719323,439.7640001,405,0.178571429,0.03013,Under
13.91603013,445.0663559,440,0.265873016,0.02982,Over
10.66330435,454.5856958,450,0.142857143,0.03044,Under
7.130000002,428.9963681,430,0.154761905,0.03116,Over
12.82969056,431.372871,430,0.333333333,0.03034,Over
0.440000293,430.9624272,470,0.234126984,0.02993,Over
12.46901235,433.8638638,430,0.206349206,0.03013,Under
3.625002649,440.5976748,445,0.091269841,0.03023,Over
0.5,433.310033,440,0.011904762,0.02993,Under
16.78916084,440.9534382,430,0.19047619,0.03013,Under
39.73912052,445.0663559,410,0.265873016,0.02982,Under
16.92033332,447.4149994,440,0.261904762,0.03054,Under
41.50789973,448.2201219,410,0.206349206,0.03003,Under
9.56500002,443.8164193,445,0.257936508,0.03003,Over
20.69469083,448.8022885,440,0.388888889,0.03023,Under
9.041014929,446.7356691,440,0.063492063,0.02993,Over
31.16481475,445.8472213,420,0.234126984,0.03003,Under
5.440000019,446.3030347,450,0.154761905,0.02982,Over
13.6574822,448.6881092,445,0.25,0.03013,Under
3.690000035,445.9456248,465,0.305555556,0.02962,Over
3.814999997,447.1663451,455,0.170634921,0.02962,Over
0.160003253,446.5884697,465,0.05952381,0.02972,Over
2.440002187,435.699325,455,0.321428571,0.03013,Over
0.160000001,439.4512179,480,0.19047619,0.02972,Over
20.8889521,429.8672081,415,0.23015873,0.03075,Under
40.06696048,445.0345554,410,0.253968254,0.03044,Under
10.11657577,448.7759098,440,0.027777778,0.03034,Under
44.77857399,444.3357398,405,0.329365079,0.02993,Under
7.315003071,444.4964371,455,0.337301587,0.02982,Over
0.970000012,447.2855227,475,0.246031746,0.03023,Over
16.94682909,444.7248724,435,0.253968254,0.02982,Under
0.625000006,431.090249,450,0.115079365,0.02951,Over
1.220000005,446.7230743,485,0.369047619,0.03044,Over
1.625000001,431.6947408,460,0.341269841,0.03003,Over
8.680538184,447.5142016,440,0.031746032,0.02982,Under
0.285000001,440.4192668,465,0.178571429,0.03023,Over
14.51074928,428.042219,420,0.170634921,0.03188,Under
13.26525991,452.6493258,445,0.146825397,0.03054,Under
36.49697068,455.8806188,420,0.035714286,0.03044,Under
27.24958028,449.5572368,425,0.119047619,0.03044,Under
0.285000005,445.0663559,480,0.265873016,0.02982,Over
29.87965386,429.2550328,400,0.031746032,0.03188,Under
22.00980555,434.0357221,420,0.305555556,0.02962,Under
0.125000036,445.3200266,490,0.218253968,0.02993,Over
4.940000004,445.7899634,455,0.226190476,0.02982,Over
28.78871264,444.2168275,425,0.365079365,0.03044,Under
0.905,434.1124784,450,0.142857143,0.03044,Over
2.375007778,448.8022885,480,0.388888889,0.03023,Over
1.185000012,430.9376405,460,0.345238095,0.03054,Over
2.815001117,447.4390092,470,0.333333333,0.02972,Over
1.12500002,444.8352466,485,0.384920635,0.03034,Over
11.125,448.076828,450,0.313492063,0.02972,Over
15.73691834,442.5253661,435,0.261904762,0.02993,Under
3.69,431.9013335,440,0.123015873,0.02993,Under
41.75696349,432.4600703,395,0.253968254,0.03044,Under
10.25,447.4149994,450,0.261904762,0.03054,Under
32.15967488,448.2201219,420,0.206349206,0.03003,Under
34.36093469,444.7248724,415,0.253968254,0.02982,Under
7.500000239,447.4149994,455,0.261904762,0.03054,Under
30.57882854,434.7728549,405,0.043650794,0.03147,Under
38.99676394,448.2183935,415,0.30952381,0.02951,Under
40.01334181,447.1663451,410,0.170634921,0.02962,Under
45.99956248,445.9456248,405,0.305555556,0.02962,Under
0.12501021,431.9013335,465,0.123015873,0.02993,Over
0.345003429,444.3971635,490,0.273809524,0.03034,Over
28.64281805,448.8022885,430,0.388888889,0.03023,Under
13.02642044,443.8164193,440,0.257936508,0.03003,Under
3.940000002,447.4149994,465,0.261904762,0.03054,Over
0.125000001,441.0341462,465,0.087301587,0.03013,Over
29.58719291,433.8867624,405,0.03968254,0.03178,Under
32.50624822,445.1287232,420,0.341269841,0.02982,Under
0.435000001,445.1287232,485,0.341269841,0.02982,Over
1.720000588,434.5644658,445,0.138888889,0.03003,Over
22.91436001,441.70592,420,0.051587302,0.02972,Under
14.24660166,445.7970745,440,0.23015873,0.02982,Under
3.440000423,451.2212549,475,0.392857143,0.03044,Over
38.09363029,444.8352466,415,0.384920635,0.03034,Under
0.190000005,448.0150228,480,0.170634921,0.03003,Over
42.50546575,445.9777397,410,0.357142857,0.03023,Under
36.90739252,444.1861274,410,0.150793651,0.02993,Under
11.12637686,450.6219581,440,0.011904762,0.03044,Under
41.40750888,448.8022885,415,0.388888889,0.03023,Under
30.55930572,452.4036368,425,0.138888889,0.03023,Under
20.27132417,433.9134008,420,0.238095238,0.03054,Under
1.875004528,432.4007399,450,0.234126984,0.03054,Over
17.80333411,448.0150228,435,0.170634921,0.03003,Under
19.48254884,447.68234,430,0.079365079,0.02993,Under
40.77744229,444.3587258,410,0.345238095,0.03003,Under
0.440000731,439.4512179,470,0.19047619,0.02972,Over
0.315000001,445.8472213,480,0.234126984,0.03003,Over
25.72212579,444.0382639,425,0.285714286,0.02993,Under
32.30797168,450.8517371,425,0.281746032,0.03054,Under
0.125000033,432.1676924,475,0.218253968,0.02993,Over
35.18036095,447.3204143,420,0.361111111,0.03013,Under
1.065008709,431.9013335,450,0.123015873,0.02993,Over
47.74640093,447.4390092,405,0.333333333,0.02972,Under
4.565000001,431.0203943,445,0.285714286,0.03168,Over
1.254999999,445.0345554,475,0.253968254,0.03044,Over
24.00980555,445.9456248,430,0.305555556,0.02962,Under
34.64971881,438.2392193,405,0.095238095,0.03013,Under
39.15923198,448.3251089,410,0.055555556,0.02962,Under
15.9959345,446.3030347,435,0.154761905,0.02982,Under
0.190000003,434.5644658,460,0.138888889,0.03003,Over
22.50530809,434.8916884,415,0.099206349,0.03013,Under
39.97714198,427.0155259,390,0.166666667,0.03126,Under
1.875,448.8851089,455,0.055555556,0.02962,Over
10,431.6185995,435,0.293650794,0.03147,Under
36.42926474,430.6387189,400,0.28968254,0.03178,Under
1.095,447.1663451,465,0.170634921,0.02962,Over
0.345000001,448.076828,490,0.313492063,0.02972,Over
0.625000251,445.0345554,480,0.253968254,0.03044,Over
15.48520611,432.8664657,425,0.25,0.03003,Under
5.875000792,448.6627926,455,0.222222222,0.02972,Over
4.125000016,447.5800236,450,0.087301587,0.02982,Over
4.814999999,427.7623364,440,0.265873016,0.03116,Over
6.928144881,447.68234,445,0.079365079,0.02993,Over
22.16687962,438.1551356,425,0.329365079,0.03013,Under
24.8147211,454.0139173,430,0.03968254,0.03054,Under
28.9908333,447.4149994,425,0.261904762,0.03054,Under
23.8811631,426.0250065,410,0.281746032,0.03188,Under
0.280000002,431.0203943,470,0.285714286,0.03168,Over
29.88355608,447.4390092,425,0.333333333,0.02972,Under
29.088824,447.68234,420,0.079365079,0.02993,Under
9.722444963,445.3200266,445,0.218253968,0.02993,Over
3.940000004,431.2846156,445,0.23015873,0.02972,Over
0.125004034,434.7728549,450,0.043650794,0.03147,Over
0.410001194,434.1124784,455,0.142857143,0.03044,Over
9.649738117,429.8672081,430,0.23015873,0.03075,Over
2.815000001,434.3538655,440,0.115079365,0.03054,Over
0.345000002,439.2501022,470,0.28968254,0.03023,Over
3.505008349,435.0662955,440,0.126984127,0.03054,Over
39.40394268,451.2212549,420,0.392857143,0.03044,Under
30.63055053,443.0939992,415,0.138888889,0.02993,Under
2.440000185,436.8978738,450,0.206349206,0.03013,Over
13.31801986,436.8978738,430,0.206349206,0.03013,Over
20.29032561,439.4512179,425,0.19047619,0.02972,Under
7.486419989,447.9019152,445,0.091269841,0.02982,Over
5.755000003,433.4957861,435,0.111111111,0.02993,Under
37.63566833,449.3678772,415,0.198412698,0.02951,Under
14.17436822,436.8680998,425,0.091269841,0.02972,Under
0.845001275,455.326664,465,0.043650794,0.03065,Over
19.88837979,444.2551857,425,0.027777778,0.02993,Under
10.35748458,444.1861274,440,0.150793651,0.02993,Under
20.4343732,431.9636481,415,0.119047619,0.02972,Under
5.179813763,441.8434249,440,0.067460317,0.03023,Over
24.66989095,446.3030347,425,0.154761905,0.02982,Under
0.160000155,442.490015,460,0.043650794,0.02962,Under
12.36298672,445.3079087,435,0.055555556,0.03065,Under
1.440009424,432.0383665,450,0.178571429,0.03178,Over
10.59580119,445.7970745,445,0.23015873,0.02982,Under
6.130006936,445.0345554,455,0.253968254,0.03044,Over
37.36304823,431.6185995,400,0.293650794,0.03147,Under
11.52749061,446.4020774,440,0.142857143,0.02982,Over
37.66102321,445.04224,410,0.146825397,0.03003,Under
36.40412931,446.2002336,415,0.281746032,0.02962,Under
3.035000104,425.4723309,445,0.277777778,0.03126,Over
35.4431242,427.0155259,395,0.166666667,0.03126,Under
16.06519937,439.178772,430,0.198412698,0.03023,Under
21.01054779,440.9534382,425,0.19047619,0.03013,Under
21.90750829,429.8845552,415,0.257936508,0.03065,Under
14.21382749,449.5572368,440,0.119047619,0.03044,Under
0.280000001,437.340595,465,0.21031746,0.03013,Over
2.50500002,428.9963681,440,0.154761905,0.03116,Over
0.660000123,432.1676924,460,0.218253968,0.02993,Over
25.84129245,443.0939992,420,0.138888889,0.02993,Under
40.16908311,444.3971635,410,0.273809524,0.03034,Under
24.78397011,444.2168275,430,0.365079365,0.03044,Under
0.440004745,442.1827138,475,0.25,0.02993,Over
0.565003981,431.372871,465,0.333333333,0.03034,Over
8.249999997,442.1827138,445,0.25,0.02993,Over
24.89889775,448.8851089,425,0.055555556,0.02962,Under
28.71829303,431.090249,405,0.115079365,0.02951,Under
0.500000027,436.4152726,450,0.083333333,0.02962,Over
42.46131279,450.5560189,410,0.111111111,0.03013,Under
7.250000598,431.541983,440,0.337301587,0.03054,Over
4.005001254,446.2729933,445,0.035714286,0.03003,Over
30.84572635,446.7230743,425,0.369047619,0.03044,Under
9.91170688,432.0383665,430,0.178571429,0.03178,Under
6.189999998,438.453825,450,0.301587302,0.02972,Over
19.63800123,447.5800236,430,0.087301587,0.02982,Under
7.880000071,437.7385393,445,0.313492063,0.03013,Over
0.155000698,433.7295652,475,0.313492063,0.02972,Over
25.22991597,448.6881092,430,0.25,0.03013,Under
17.42705323,427.0155259,415,0.166666667,0.03126,Under
0.720000027,440.0674167,465,0.182539683,0.02962,Over
0.940000001,431.4105004,445,0.119047619,0.03075,Over
13.21637666,447.8912988,435,0.007936508,0.03044,Under
33.30343268,451.5328956,425,0.285714286,0.03065,Under
20.22737776,439.5547475,425,0.194444444,0.03013,Under
0.16,433.4957861,460,0.111111111,0.02993,Over
29.1447695,442.6340807,415,0.083333333,0.03013,Under
30.9090596,436.8978738,410,0.206349206,0.03013,Under
0.815000018,440.0024167,460,0.182539683,0.02962,Over
,431.2846156,,0.23015873,0.02972,Over
34.21384968,446.3030347,415,0.154761905,0.02982,Under
5.31500339,432.8854371,440,0.226190476,0.03054,Over
14.7066087,454.5856958,445,0.142857143,0.03044,Under
2.940000279,442.490015,445,0.043650794,0.02962,Under
24.61003371,431.541983,415,0.337301587,0.03054,Under
26.77288394,451.40691,425,0.015873016,0.03054,Under
0.285009421,447.2855227,490,0.246031746,0.03023,Over
10.5417941,429.3142924,425,0.150793651,0.03085,Under
18.37245375,444.1861274,430,0.150793651,0.02993,Under
50.29180677,430.6387189,385,0.28968254,0.03178,Under
28.07161344,447.5142016,420,0.031746032,0.02982,Under
15.82254669,446.6764006,435,0.115079365,0.03044,Under
1.315000004,435.1144736,460,0.30952381,0.02962,Over
34.22745299,448.3251089,415,0.055555556,0.02962,Under
0.280000609,451.3352474,465,0.05952381,0.02951,Over
4.315008738,448.0366937,455,0.134920635,0.03034,Over
54.58948431,425.4723309,375,0.277777778,0.03126,Under
15.54227142,444.3971635,440,0.273809524,0.03034,Under
30.05315712,448.076828,425,0.313492063,0.02972,Under
1.785000023,447.68234,455,0.079365079,0.02993,Over
40.60468331,444.4964371,410,0.337301587,0.02982,Under
0.190006038,449.2028174,465,0.063492063,0.03003,Over
9.036285945,435.7231281,435,0.194444444,0.02962,Over
33.21518976,436.8680998,405,0.091269841,0.02972,Under
8.103082084,440.4192668,440,0.178571429,0.03023,Over
5.875000001,448.91484,450,0.107142857,0.03023,Over
8.129999998,453.9069217,455,0.150793651,0.03065,Under
0.19000005,432.8854371,465,0.226190476,0.03054,Over
0.345002455,431.2968119,455,0.146825397,0.03065,Over
3.315000315,444.2168275,470,0.365079365,0.03044,Over
7.630002234,444.3587258,455,0.345238095,0.03003,Over
25.74896384,447.1663451,425,0.170634921,0.02962,Under
39.32269244,438.453825,405,0.301587302,0.02972,Under
2.190000787,430.3466997,450,0.222222222,0.02951,Over
3.190000016,448.3251089,450,0.055555556,0.02962,Over
23.21051414,443.9114394,425,0.162698413,0.03065,Under
10.86869217,434.6381069,425,0.035714286,0.03168,Under
2.125000383,447.1663451,460,0.170634921,0.02962,Over
25.74284486,447.4390092,430,0.333333333,0.02972,Under
1.15500418,446.6764006,465,0.115079365,0.03044,Under
3.690000004,445.8472213,460,0.234126984,0.03003,Over
0.845000035,433.1969982,455,0.222222222,0.03034,Over
1.375000001,445.9456248,475,0.305555556,0.02962,Over
0.250000004,433.3024073,440,0.007936508,0.02972,Under
34.95875925,438.1551356,410,0.329365079,0.03013,Under
29.41654109,445.9777397,425,0.357142857,0.03023,Under
3.125000016,432.8854371,445,0.226190476,0.03054,Over
22.99229591,451.7116578,430,0.063492063,0.02972,Under
25.91702824,439.2501022,420,0.28968254,0.03023,Under
50.15129963,452.6493258,405,0.146825397,0.03054,Under
24.43389495,448.3251089,425,0.055555556,0.02962,Under
6.250005016,435.699325,445,0.321428571,0.03013,Over
21.69826897,455.8806188,435,0.035714286,0.03044,Under
34.29899883,435.7231281,405,0.194444444,0.02962,Under
5.06500446,432.6332958,440,0.182539683,0.03147,Over
5.380000002,447.7306202,460,0.257936508,0.03044,Over
32.74301618,445.04224,415,0.146825397,0.03003,Under
0.535000682,439.178772,465,0.198412698,0.03023,Over
3.190000076,439.2501022,455,0.28968254,0.03023,Over
4.564999999,427.6047004,440,0.261904762,0.03085,Over
4.125,0,455,0.170634921,0.03003,Over
1.690000447,435.0662955,445,0.126984127,0.03054,Over
13.25153225,446.7356691,435,0.063492063,0.02993,Over
0.285,448.2201219,480,0.206349206,0.03003,Over
1.155000008,429.2550328,435,0.031746032,0.03188,Under
31.90136295,442.1827138,415,0.25,0.02993,Under
2.875001262,446.0877318,475,0.373015873,0.03054,Over
24.69830115,429.1267787,405,0.027777778,0.03126,Under
27.44688162,432.4007399,410,0.234126984,0.03054,Under
11.40911974,448.2201219,445,0.206349206,0.03003,Under
23.96883668,442.5253661,425,0.261904762,0.02993,Under
24.18881861,433.7343048,415,0.202380952,0.03003,Under
16.27801378,431.6185995,425,0.293650794,0.03147,Under
2.874999999,449.5572368,460,0.119047619,0.03044,Under
29.33067486,448.3251089,420,0.055555556,0.02962,Under
2.69,429.1267787,430,0.027777778,0.03126,Under
23.78541223,432.8664657,415,0.25,0.03003,Under
6.000000001,431.9013335,435,0.123015873,0.02993,Under
2.125000001,455.326664,460,0.043650794,0.03065,Under
16.13158517,439.5547475,430,0.194444444,0.03013,Under
4.19,437.340595,445,0.21031746,0.03013,Over
8.288939046,445.4044911,445,0.174603175,0.02993,Over
40.33906735,443.0939992,405,0.138888889,0.02993,Under
14.57902045,431.6947408,430,0.341269841,0.03003,Under
0.190000002,432.0383665,465,0.178571429,0.03178,Over
7.19,451.2212549,465,0.392857143,0.03044,Over
37.97569832,439.178772,405,0.198412698,0.03023,Under
13.67281129,439.2501022,435,0.28968254,0.03023,Over
33.14447133,447.4146311,415,0.043650794,0.02982,Under
15.12822493,448.2201219,440,0.206349206,0.03003,Under
18.54862392,428.042219,415,0.170634921,0.03188,Under
0.500000203,443.0939992,465,0.138888889,0.02993,Over
24.42509891,433.9134008,415,0.238095238,0.03054,Under
21.17398429,437.7385393,425,0.313492063,0.03013,Under
0.405000002,444.0382639,475,0.285714286,0.02993,Over
6.250009102,429.5789579,440,0.341269841,0.03075,Over
18.25172205,451.7116578,435,0.063492063,0.02972,Under
0.595000401,449.3678772,475,0.198412698,0.02951,Over
9.550076877,434.8916884,430,0.099206349,0.03013,Under
1.690003454,440.4192668,455,0.178571429,0.03023,Over
25.95315712,433.7295652,415,0.313492063,0.02972,Under
0.940000001,431.9636481,450,0.119047619,0.02972,Over
19.30043154,435.699325,425,0.321428571,0.03013,Under
0.755000341,444.8352466,490,0.384920635,0.03034,Over
13.20810191,452.4036368,445,0.138888889,0.03023,Under
31.12682065,444.3971635,420,0.273809524,0.03034,Under
0.37501003,438.453825,480,0.301587302,0.02972,Over
20.11411648,440.0674167,425,0.182539683,0.02962,Under
29.47715375,448.4573061,420,0.05952381,0.02962,Under
45.30594161,425.4723309,385,0.277777778,0.03126,Under
21.55555395,445.7899634,430,0.226190476,0.02982,Under
9.479189264,434.5644658,430,0.138888889,0.03003,Over
43.11044913,445.4044911,405,0.174603175,0.02993,Under
18.44948518,445.0345554,435,0.253968254,0.03044,Under
0.125000003,428.9963681,465,0.154761905,0.03116,Over
5.56500001,446.6764006,450,0.115079365,0.03044,Under
33.65657155,440.4192668,410,0.178571429,0.03023,Under
23.35277677,453.9069217,435,0.150793651,0.03065,Under
0.410000001,435.751429,470,0.317460317,0.03013,Over
1.005000009,427.6047004,455,0.261904762,0.03085,Over
0.84501122,441.3800698,450,0.071428571,0.02962,Over
15.52303818,434.6381069,420,0.035714286,0.03168,Under
51.399442,453.9069217,405,0.150793651,0.03065,Under
8.249999998,432.1676924,435,0.218253968,0.02993,Under
22.48043889,432.6332958,415,0.182539683,0.03147,Under
1.755,451.5328956,480,0.285714286,0.03065,Over
0.750000001,433.4957861,450,0.111111111,0.02993,Over
0.155000031,446.3030347,475,0.154761905,0.02982,Over
3.875000003,439.178772,450,0.198412698,0.03023,Over
12.32863516,444.3971635,445,0.273809524,0.03034,Under
21.80530743,451.40691,430,0.015873016,0.03054,Under
27.08538511,434.8916884,410,0.099206349,0.03013,Under
5.189999999,445.0663559,455,0.265873016,0.02982,Over
3.440000134,437.4886857,440,0.087301587,0.02962,Over
3.565000015,448.6881092,465,0.25,0.03013,Over
0.690000197,429.8672081,455,0.23015873,0.03075,Over
16.69987496,431.9013335,420,0.123015873,0.02993,Under
46.58846338,432.4600703,390,0.253968254,0.03044,Under
6.875000004,437.340595,440,0.21031746,0.03013,Over
0.155000175,433.9134008,470,0.238095238,0.03054,Over
25.32693475,440.9534382,420,0.19047619,0.03013,Under
39.07321091,444.7248724,410,0.253968254,0.02982,Under
7.44000882,446.7230743,460,0.369047619,0.03044,Under
2.190004623,434.0357221,455,0.305555556,0.02962,Over
0.345000202,451.7116578,465,0.063492063,0.02972,Over
40.22475303,445.8472213,410,0.234126984,0.03003,Under
0.345,432.4600703,465,0.253968254,0.03044,Over
3.815000019,443.7345937,460,0.301587302,0.02972,Over
0.940000012,447.7306202,480,0.257936508,0.03044,Over
46.95787563,427.6047004,385,0.261904762,0.03085,Under
8.356979222,446.3030347,445,0.154761905,0.02982,Over
37.88483822,451.5328956,420,0.285714286,0.03065,Under
0.25000895,439.4512179,475,0.19047619,0.02972,Over
1.440003798,452.4036368,470,0.138888889,0.03023,Over
27.32405274,435.699325,415,0.321428571,0.03013,Under
3.315,445.9374459,455,0.174603175,0.03034,Over
0.160009347,434.8916884,460,0.099206349,0.03013,Over
0.565004852,444.2551857,450,0.027777778,0.02993,Over
32.89075502,442.5253661,415,0.261904762,0.02993,Under
15.84642769,449.2028174,435,0.063492063,0.03003,Under
9.499999999,450.8517371,455,0.281746032,0.03054,Under
0.375000002,432.6954787,470,0.349206349,0.03054,Over
4.564999997,443.8164193,455,0.257936508,0.03003,Over
23.04750529,432.4007399,415,0.234126984,0.03054,Under
36.83749322,446.2729933,410,0.035714286,0.03003,Under
30.98446746,447.3204143,425,0.361111111,0.03013,Under
0.440000268,452.6493258,480,0.146825397,0.03054,Over
1.250004197,434.3538655,445,0.115079365,0.03054,Over
8.25,448.2201219,450,0.206349206,0.03003,Over
0.660000002,441.0341462,455,0.087301587,0.03013,Over
3.190000007,448.4573061,450,0.05952381,0.02962,Over
5.189999998,431.6185995,445,0.293650794,0.03147,Over
0.595002247,447.3204143,490,0.361111111,0.03013,Over
0.375,452.7339419,490,0.277777778,0.03044,Over
21.89467684,432.3504711,415,0.174603175,0.03168,Under
6.255000002,447.4390092,460,0.333333333,0.02972,Over
0.47,454.0139173,465,0.03968254,0.03054,Over
29.51279913,447.3553842,425,0.317460317,0.03003,Under
7.181778989,448.8851089,445,0.055555556,0.02962,Under
11.84003112,446.6764006,440,0.115079365,0.03044,Under
13.1375602,430.9376405,430,0.345238095,0.03054,Under
18.86991305,454.5856958,440,0.142857143,0.03044,Under
3.005000106,443.8164193,460,0.257936508,0.03003,Over
10.72128744,447.3506992,445,0.194444444,0.02962,Under
0.375011873,433.1969982,460,0.222222222,0.03034,Over
15.31489832,432.1676924,425,0.218253968,0.02993,Under
4.625007667,452.6493258,460,0.146825397,0.03054,Over
1.785001837,445.7165114,460,0.166666667,0.02972,Over
7.565000008,450.1225646,450,0.123015873,0.03054,Under
33.27823297,440.0024167,410,0.182539683,0.02962,Under
9.485647077,435.0662955,430,0.126984127,0.03054,Over
6.689944259,429.2550328,425,0.031746032,0.03188,Under
11.66317046,439.7640001,435,0.178571429,0.03013,Under
10.41595733,428.9963681,425,0.154761905,0.03116,Under
5.125000003,444.4964371,460,0.337301587,0.02982,Over
1.255000155,448.3251089,455,0.055555556,0.02962,Over
34.50334603,448.4573061,415,0.05952381,0.02962,Under
2.315000035,451.9161996,450,0.003968254,0.03013,Over
21.59597357,445.3079087,425,0.055555556,0.03065,Under
14.11965631,433.310033,420,0.011904762,0.02993,Under
34.10223189,442.6340807,410,0.083333333,0.03013,Under
0.470000286,428.042219,455,0.170634921,0.03188,Over
0.315011321,440.9534382,470,0.19047619,0.03013,Over
19.51484667,442.6340807,425,0.083333333,0.03013,Under
40.43435367,432.3504711,395,0.174603175,0.03168,Under
0.155000596,434.0357221,475,0.305555556,0.02962,Over
0.535003979,448.076828,485,0.313492063,0.02972,Over
0.56500093,437.340595,460,0.21031746,0.03013,Over
39.98723914,445.25269,410,0.277777778,0.02962,Under
0.75500016,442.1827138,470,0.25,0.02993,Over
39.64110786,445.7899634,410,0.226190476,0.02982,Under
10.25000001,444.3587258,450,0.345238095,0.03003,Under
0.125000108,426.0250065,475,0.281746032,0.03188,Over
27.96145387,426.0250065,405,0.281746032,0.03188,Under
27.64789872,432.8854371,410,0.226190476,0.03054,Under
38.97582652,446.3030347,410,0.154761905,0.02982,Under
44.696269,445.25269,405,0.277777778,0.02962,Under
3.940000015,436.9585304,455,0.333333333,0.03023,Over
1.220001801,450.451879,460,0.083333333,0.02972,Over
17.81688122,429.8845552,420,0.257936508,0.03065,Under
0.655001391,435.1144736,465,0.30952381,0.02962,Over
27.35723526,446.2002336,425,0.281746032,0.02962,Under
29.29676742,445.7165114,420,0.166666667,0.02972,Under
29.34972762,448.7759098,420,0.027777778,0.03034,Under
28.92252403,437.4886857,410,0.087301587,0.02962,Under
2.565001996,447.3553842,470,0.317460317,0.03003,Over
15.58060822,429.5789579,425,0.341269841,0.03075,Under
18.95112648,451.2212549,445,0.392857143,0.03044,Under
38.47465421,440.4192668,405,0.178571429,0.03023,Under
13.44841072,432.0383665,425,0.178571429,0.03178,Under
8.086493356,445.3079087,440,0.055555556,0.03065,Under
32.55404014,441.70592,410,0.051587302,0.02972,Under
40.14864859,432.0383665,395,0.178571429,0.03178,Under
1.815,448.076828,475,0.313492063,0.02972,Over
0.625000378,427.7623364,460,0.265873016,0.03116,Over
25.05791368,445.9374459,425,0.174603175,0.03034,Under
27.40863577,442.1827138,420,0.25,0.02993,Under
21.30500353,433.6838125,415,0.123015873,0.03054,Under
0.125000173,429.8672081,470,0.23015873,0.03075,Over
31.4992898,450.3992978,420,0.067460317,0.03003,Under
22.51679562,439.0812026,425,0.293650794,0.02962,Under
12.7649605,444.4964371,445,0.337301587,0.02982,Under
0.190000001,428.9963681,460,0.154761905,0.03116,Over
27.3197307,428.9963681,405,0.154761905,0.03116,Under
0.315000163,450.1225646,480,0.123015873,0.03054,Under
27.68980206,444.4964371,425,0.337301587,0.02982,Under
28.7693128,433.310033,405,0.011904762,0.02993,Under
9.689999999,427.6047004,430,0.261904762,0.03085,Under
29.82509873,435.8014478,410,0.202380952,0.02972,Under
0.505001923,447.2855227,480,0.246031746,0.03023,Over
2.125000022,431.4105004,440,0.119047619,0.03075,Over
3.065003417,436.4152726,440,0.083333333,0.02962,Over
0.160000038,437.7385393,490,0.313492063,0.03013,Over
1.255,448.6627926,470,0.222222222,0.02972,Over
16.41885665,435.7231281,425,0.194444444,0.02962,Under
14.34991257,434.0357221,430,0.305555556,0.02962,Under
27.41397049,429.3142924,405,0.150793651,0.03085,Under
2.405000001,433.310033,435,0.011904762,0.02993,Under
16.24758279,430.8523732,415,0.015873016,0.03116,Under
40.18612123,443.7288522,410,0.30952381,0.03034,Under
1.254999999,439.5547475,460,0.194444444,0.03013,Over
25.89132515,443.7288522,425,0.30952381,0.03034,Under
35.12860547,445.0663559,415,0.265873016,0.02982,Under
20.17202067,431.6185995,420,0.293650794,0.03147,Under
0.125000557,448.076828,500,0.313492063,0.02972,Over
3.190000023,445.7899634,460,0.226190476,0.02982,Over
5.315000627,451.3352474,450,0.05952381,0.02951,Over
8.250000001,445.8472213,450,0.234126984,0.03003,Under
20.52433095,445.9374459,430,0.174603175,0.03034,Under
3.005000003,440.0024167,450,0.182539683,0.02962,Over
0.785000247,446.7230743,490,0.369047619,0.03044,Over
0.220000016,431.6238983,480,0.341269841,0.03013,Over
0.190004053,449.5572368,480,0.119047619,0.03044,Over
15.20683244,454.0139173,440,0.03968254,0.03054,Under
11.35694615,453.9069217,450,0.150793651,0.03065,Under
16.35952792,427.6047004,420,0.261904762,0.03085,Under
32.4173419,440.5976748,410,0.091269841,0.03023,Under
37.55375546,450.1225646,415,0.123015873,0.03054,Under
18.83312897,432.4007399,420,0.234126984,0.03054,Under
9.415347113,436.4152726,430,0.083333333,0.02962,Over
0.875000175,439.0334457,470,0.325396825,0.03013,Over
6.000000298,449.3678772,455,0.198412698,0.02951,Over
0.125000657,442.0791578,490,0.297619048,0.03065,Over
0.375,444.3357398,485,0.329365079,0.02993,Over
36.77839622,449.5572368,415,0.119047619,0.03044,Under
37.85851015,441.8434249,405,0.067460317,0.03023,Under
3.005003782,441.3040754,445,0.071428571,0.03013,Over
6.403944147,454.0139173,450,0.03968254,0.03054,Under
2.314999999,447.9019152,455,0.091269841,0.02982,Over
10.60512854,443.9114394,440,0.162698413,0.03065,Under
25.13369013,429.8672081,410,0.23015873,0.03075,Under
26.08278874,444.8352466,430,0.384920635,0.03034,Under
28.1230153,432.8664657,410,0.25,0.03003,Under
35.36693909,432.0383665,400,0.178571429,0.03178,Under
2.755000166,430.8523732,430,0.015873016,0.03116,Under
13.69937483,445.1287232,445,0.341269841,0.02982,Under
22.97378456,428.9963681,410,0.154761905,0.03116,Under
5.565000001,433.7295652,445,0.313492063,0.02972,Over
1.065,439.7640001,460,0.178571429,0.03013,Over
4.19,430.9624272,445,0.234126984,0.02993,Under
13.70048778,447.4146311,435,0.043650794,0.02982,Under
8.750000015,439.5547475,440,0.194444444,0.03013,Over
1.065000002,435.7231281,455,0.194444444,0.02962,Over
2.595003234,446.7230743,475,0.369047619,0.03044,Over
45.474484,448.91484,405,0.107142857,0.03023,Under
51.32995062,432.4600703,385,0.253968254,0.03044,Under
23.59680101,447.2855227,430,0.246031746,0.03023,Under
22.70743581,446.7230743,435,0.369047619,0.03044,Under
12.45075498,446.7189744,440,0.166666667,0.02962,Over
41.65605591,450.451879,410,0.083333333,0.02972,Under
13.38483842,432.3504711,425,0.174603175,0.03168,Under
26.23352681,432.0383665,410,0.178571429,0.03178,Under
5.715203888,453.6235539,450,0.031746032,0.03023,Under
3.440000106,430.9376405,450,0.345238095,0.03054,Over
5.629999996,447.3553842,460,0.317460317,0.03003,Over
21.88051982,452.6493258,435,0.146825397,0.03054,Under
1.5650001,442.6340807,450,0.083333333,0.03013,Over
2.690000149,430.9624272,450,0.234126984,0.02993,Over
1.125000001,448.2201219,470,0.206349206,0.03003,Over
0.125004905,435.699325,475,0.321428571,0.03013,Over
9.832276565,444.7248724,445,0.253968254,0.02982,Over
0.155000247,433.1969982,465,0.222222222,0.03034,Over
0.625000386,445.7970745,475,0.23015873,0.02982,Over
5.065000045,431.2968119,435,0.146825397,0.03065,Over
13.86061849,442.490015,430,0.043650794,0.02962,Under
41.38904957,450.3992978,410,0.067460317,0.03003,Under
56.37740496,427.6047004,375,0.261904762,0.03085,Under
1.220000006,433.7295652,460,0.313492063,0.02972,Over
0.315004334,425.4723309,470,0.277777778,0.03126,Over
5.440000391,439.7640001,445,0.178571429,0.03013,Over
8.375000013,438.1551356,445,0.329365079,0.03013,Over
24.45715531,440.0674167,420,0.182539683,0.02962,Under
36.69932484,434.5644658,400,0.138888889,0.03003,Under
0.410000525,431.4105004,450,0.119047619,0.03075,Over
28.75363311,445.4044911,420,0.174603175,0.02993,Under
34.8493895,429.8845552,400,0.257936508,0.03065,Under
33.19859034,427.6047004,400,0.261904762,0.03085,Under
21.35126013,445.4717879,425,0.03968254,0.02993,Under
12.27878461,450.3793896,450,0.273809524,0.03023,Under
12.03080975,449.3678772,445,0.198412698,0.02951,Under
0.875000115,444.3357398,480,0.329365079,0.02993,Over
0.280000139,450.5560189,480,0.111111111,0.03013,Under
35.13335772,452.4036368,420,0.138888889,0.03023,Under
5.125000329,450.1225646,455,0.123015873,0.03054,Under
32.67345517,444.2168275,420,0.365079365,0.03044,Under
20.65812411,445.1287232,435,0.341269841,0.02982,Under
2.505004044,447.3204143,475,0.361111111,0.03013,Over
0.160000002,430.8523732,440,0.015873016,0.03116,Under
1.34500054,436.4152726,445,0.083333333,0.02962,Over
19.15233422,432.1676924,420,0.218253968,0.02993,Under
8.832631991,450.451879,445,0.083333333,0.02972,Over
28.08665342,446.1397613,425,0.305555556,0.03003,Under
7.250000427,442.0791578,450,0.297619048,0.03065,Over
5.505000076,445.7165114,450,0.166666667,0.02972,Over
0.375004211,431.2846156,465,0.23015873,0.02972,Over
0.815000035,444.3971635,480,0.273809524,0.03034,Over
1.000000004,447.3506992,470,0.194444444,0.02962,Over
29.50239496,448.6881092,425,0.25,0.03013,Under
0.160000652,441.70592,460,0.051587302,0.02972,Over
5.755,444.3587258,460,0.345238095,0.03003,Over
0.255000007,444.7248724,480,0.253968254,0.02982,Over
15.77216129,447.7148387,435,0.095238095,0.03003,Under
1.315000003,442.0791578,470,0.297619048,0.03065,Over
2.4400007,432.4600703,450,0.253968254,0.03044,Over
3.815000004,448.6627926,460,0.222222222,0.02972,Over
32.7631291,431.372871,405,0.333333333,0.03034,Under
46.91252488,444.8352466,405,0.384920635,0.03034,Under
30.40875642,447.1663451,420,0.170634921,0.02962,Under
2.125004383,431.6185995,455,0.293650794,0.03147,Over
9.599016192,436.8978738,435,0.206349206,0.03013,Over
33.88695979,447.68234,415,0.079365079,0.02993,Under
0.125000001,430.3466997,480,0.222222222,0.02951,Under
2.005000175,434.1124784,445,0.142857143,0.03044,Over
4.374999998,432.3504711,440,0.174603175,0.03168,Over
7.863048886,431.090249,430,0.115079365,0.02951,Under
20.22029086,444.3587258,435,0.345238095,0.03003,Under
2.065000007,447.5800236,455,0.087301587,0.02982,Over
32.74355217,446.7356691,415,0.063492063,0.02993,Under
10.04445363,448.0150228,445,0.170634921,0.03003,Over
26.38814977,452.6493258,430,0.146825397,0.03054,Under
5.189999998,433.6838125,435,0.123015873,0.03054,Over
1.720000001,433.3024073,435,0.007936508,0.02972,Under
12.14418104,430.6387189,430,0.28968254,0.03178,Under
1.875008343,444.7248724,465,0.253968254,0.02982,Over
27.37976332,444.3357398,425,0.329365079,0.02993,Under
7.500000175,447.7306202,455,0.257936508,0.03044,Under
1.505001004,450.5560189,465,0.111111111,0.03013,Over
1.755002476,445.9374459,460,0.174603175,0.03034,Over
41.66487662,444.1861274,405,0.150793651,0.02993,Under
28.5040488,449.3678772,425,0.198412698,0.02951,Under
8.749999998,429.5789579,435,0.341269841,0.03075,Over
36.22545349,445.3079087,410,0.055555556,0.03065,Under
7.375000002,443.9114394,445,0.162698413,0.03065,Over
17.39448727,444.2168275,440,0.365079365,0.03044,Under
2.410010918,446.5884697,450,0.05952381,0.02972,Over
14.16077855,443.7345937,440,0.301587302,0.02972,Under
8.875,430.6387189,435,0.28968254,0.03178,Over
3.940000004,449.3678772,460,0.198412698,0.02951,Over
26.82679861,432.6332958,410,0.182539683,0.03147,Under
12.02413468,455.8806188,445,0.035714286,0.03044,Under
13.19843034,444.3587258,445,0.345238095,0.03003,Under
0.875000035,445.7899634,470,0.226190476,0.02982,Over
8.250000003,431.2846156,435,0.23015873,0.02972,Under
2.09500315,426.0250065,450,0.281746032,0.03188,Over
0.345004956,433.7343048,465,0.202380952,0.03003,Over
17.75372312,448.0366937,435,0.134920635,0.03034,Under
9.364250856,441.3040754,435,0.071428571,0.03013,Under
2.940000504,448.2183935,470,0.30952381,0.02951,Over
18.23607563,447.5142016,430,0.031746032,0.02982,Under
9.986223578,440.5976748,435,0.091269841,0.03023,Under
0.125000076,445.7899634,490,0.226190476,0.02982,Over
0.905000049,443.8164193,470,0.257936508,0.03003,Over
22.83149856,428.042219,410,0.170634921,0.03188,Under
2.315004831,444.3357398,470,0.329365079,0.02993,Over
0.190000006,440.9534382,475,0.19047619,0.03013,Over
21.90206027,445.0663559,430,0.265873016,0.02982,Under
19.30254203,430.6387189,420,0.28968254,0.03178,Under
1.815003448,447.3506992,465,0.194444444,0.02962,Over
7.000000794,431.6185995,440,0.293650794,0.03147,Over
30.70523217,432.0383665,405,0.178571429,0.03178,Under
1.125,430.3466997,455,0.222222222,0.02951,Over
0.470001374,447.1663451,470,0.170634921,0.02962,Over
1.125000005,445.0663559,470,0.265873016,0.02982,Over
2.815000782,429.5789579,450,0.341269841,0.03075,Over
30.2828545,449.2028174,420,0.063492063,0.03003,Under
48.37230744,446.7230743,405,0.369047619,0.03044,Under
1.440004935,428.9963681,445,0.154761905,0.03116,Over
2.874999999,450.451879,455,0.083333333,0.02972,Over
31.08397036,445.0345554,420,0.253968254,0.03044,Under
23.13906885,441.8434249,420,0.067460317,0.03023,Under
0.345000295,447.1399062,460,0.067460317,0.03034,Over
0.78000003,440.4192668,460,0.178571429,0.03023,Over
9.395573979,451.7116578,445,0.063492063,0.02972,Under
0.375,430.9376405,470,0.345238095,0.03054,Over
0.595001676,431.6238983,470,0.341269841,0.03013,Over
0.44000002,448.4573061,460,0.05952381,0.02962,Over
3.190000039,429.8845552,445,0.257936508,0.03065,Over
16.77751685,431.541983,425,0.337301587,0.03054,Under
22.39168972,451.2212549,440,0.392857143,0.03044,Under
1.065000102,433.8867624,440,0.03968254,0.03178,Over
31.56240373,455.8806188,425,0.035714286,0.03044,Under
1.185000001,435.8014478,455,0.202380952,0.02972,Over
2.440002958,438.1551356,460,0.329365079,0.03013,Over
1.875000001,438.453825,465,0.301587302,0.02972,Over
9.499999999,426.0250065,430,0.281746032,0.03188,Under
42.00267335,442.5253661,405,0.261904762,0.02993,Under
3.624999997,446.7189744,455,0.166666667,0.02962,Over
28.27597543,447.4146311,420,0.043650794,0.02982,Under
2.565006314,431.9496486,430,0.003968254,0.02951,Under
6.129999998,438.1551356,450,0.329365079,0.03013,Over
3.065000284,431.541983,450,0.337301587,0.03054,Over
22.43615313,438.453825,425,0.301587302,0.02972,Under
42.13643497,454.5856958,415,0.142857143,0.03044,Under
13.60614818,451.7116578,440,0.063492063,0.02972,Under
7.505009611,446.0877318,460,0.373015873,0.03054,Under
31.18439034,445.4717879,415,0.03968254,0.02993,Under
60.14936713,431.0203943,375,0.285714286,0.03168,Under
18.14525611,430.9624272,420,0.234126984,0.02993,Under
47.08177397,445.9777397,405,0.357142857,0.03023,Under
24.74705087,447.9019152,425,0.091269841,0.02982,Under
32.17576573,429.3142924,400,0.150793651,0.03085,Under
4.125000001,440.9534382,450,0.19047619,0.03013,Over
15.5435475,425.4723309,420,0.277777778,0.03126,Under
38.894558,445.3200266,410,0.218253968,0.02993,Under
2.875000002,450.1225646,460,0.123015873,0.03054,Over
13.3658069,447.5142016,435,0.031746032,0.02982,Under
33.31559958,439.178772,410,0.198412698,0.03023,Under
18.09407541,448.2183935,440,0.30952381,0.02951,Under
34.42011517,435.8014478,405,0.202380952,0.02972,Under
1.220000003,449.5514808,470,0.202380952,0.02972,Over
0.470000568,432.6332958,460,0.182539683,0.03147,Over
38.4499431,443.8164193,410,0.257936508,0.03003,Under
15.93254945,433.9134008,425,0.238095238,0.03054,Under
27.58590338,430.6387189,410,0.28968254,0.03178,Under
5.754999998,443.0939992,445,0.138888889,0.02993,Over
0.375,445.9777397,490,0.357142857,0.03023,Over
3.690000011,447.7306202,465,0.257936508,0.03044,Over
14.64061581,453.6235539,440,0.031746032,0.03023,Under
1.185000011,447.3204143,485,0.361111111,0.03013,Over
35.82899883,447.3506992,415,0.194444444,0.02962,Under
25.45237883,449.2028174,425,0.063492063,0.03003,Under
0.410000002,446.2729933,455,0.035714286,0.03003,Over
39.10355251,446.0877318,415,0.373015873,0.03054,Under
10.45363148,433.7295652,435,0.313492063,0.02972,Over
39.20076388,447.7148387,410,0.095238095,0.03003,Under
7.065000001,444.1861274,445,0.150793651,0.02993,Over
0.440000663,432.0383665,460,0.178571429,0.03178,Over
20.38738909,434.6381069,415,0.035714286,0.03168,Under
0.720000033,439.4512179,465,0.19047619,0.02972,Over
5.815000435,439.178772,445,0.198412698,0.03023,Over
7.750000003,447.3506992,450,0.194444444,0.02962,Over
19.00083258,453.9069217,440,0.150793651,0.03065,Under
27.59223137,432.1676924,410,0.218253968,0.02993,Under
5.565003859,432.1676924,440,0.218253968,0.02993,Over
26.16004986,436.8978738,415,0.206349206,0.03013,Under
22.07356196,446.2729933,425,0.035714286,0.03003,Under
29.361869,446.3030347,420,0.154761905,0.02982,Under
1.875006604,425.4723309,450,0.277777778,0.03126,Over
4.065000002,440.0674167,450,0.182539683,0.02962,Over
17.53098953,437.7385393,430,0.313492063,0.03013,Under
23.98372114,444.3587258,430,0.345238095,0.03003,Under
24.51317034,439.5547475,420,0.194444444,0.03013,Under
31.13771332,447.3506992,420,0.194444444,0.02962,Under
4.940000099,431.090249,435,0.115079365,0.02951,Under
0.84500176,447.4146311,455,0.043650794,0.02982,Over
0.345000001,434.0357221,470,0.305555556,0.02962,Over
11.26826505,443.7288522,445,0.30952381,0.03034,Over
5.190000002,429.8845552,440,0.257936508,0.03065,Over
42.46430371,446.5884697,405,0.05952381,0.02972,Under
27.24437436,428.042219,405,0.170634921,0.03188,Under
9.75,442.0791578,445,0.297619048,0.03065,Over
44.21064382,429.8845552,390,0.257936508,0.03065,Under
3.565000032,433.7295652,450,0.313492063,0.02972,Over
34.43987118,447.9019152,415,0.091269841,0.02982,Under
0.440000593,440.0674167,470,0.182539683,0.02962,Over
1.345009504,427.0155259,445,0.166666667,0.03126,Over
11.02640228,433.1969982,430,0.222222222,0.03034,Over
16.86437821,447.1663451,435,0.170634921,0.02962,Under
0.160004304,431.9496486,435,0.003968254,0.02951,Over
0.160000023,439.178772,475,0.198412698,0.03023,Over
0.280000354,446.6764006,475,0.115079365,0.03044,Under
18.40125308,438.1551356,430,0.329365079,0.03013,Under
1.690000615,450.1225646,465,0.123015873,0.03054,Over
0.160000001,436.4152726,455,0.083333333,0.02962,Over
16.96273034,451.40691,435,0.015873016,0.03054,Under
0.160000005,431.4105004,455,0.119047619,0.03075,Over
0.405011238,444.3587258,490,0.345238095,0.03003,Over
31.97125793,432.4007399,405,0.234126984,0.03054,Under
46.0348349,455.326664,410,0.043650794,0.03065,Under
38.18915753,445.9777397,415,0.357142857,0.03023,Under
35.19854907,447.1663451,415,0.170634921,0.02962,Under
0.755000552,444.4964371,480,0.337301587,0.02982,Over
3.375000001,431.9636481,440,0.119047619,0.02972,Under
9.93791138,436.8680998,430,0.091269841,0.02972,Over
47.45303842,447.3553842,405,0.317460317,0.03003,Under
9.065000025,440.0674167,440,0.182539683,0.02962,Under
1.660000155,434.7576774,445,0.095238095,0.03003,Over
0.19,445.7165114,480,0.166666667,0.02972,Over
1.375000003,444.3357398,475,0.329365079,0.02993,Over
0.255001029,448.0366937,480,0.134920635,0.03034,Over
10.89903041,445.25269,445,0.277777778,0.02962,Over
10.34638891,445.7899634,445,0.226190476,0.02982,Over
41.32681697,442.1827138,405,0.25,0.02993,Under
13.58837856,434.5644658,425,0.138888889,0.03003,Under
0.160000007,435.0662955,460,0.126984127,0.03054,Over
24.23749881,445.1287232,430,0.341269841,0.02982,Under
0.190000001,425.4723309,475,0.277777778,0.03126,Over
22.35321747,434.1124784,415,0.142857143,0.03044,Under
9.161387605,440.9534382,440,0.19047619,0.03013,Over
0.220000002,427.7623364,470,0.265873016,0.03116,Over
12.14994774,431.0203943,430,0.285714286,0.03168,Under
39.27609559,440.9534382,405,0.19047619,0.03013,Under
5.630000002,434.0357221,445,0.305555556,0.02962,Over
0.970000049,438.4345037,465,0.293650794,0.02962,Over
23.61484165,444.4964371,430,0.337301587,0.02982,Under
0.625000317,449.5514808,475,0.202380952,0.02972,Over
10,427.7623364,430,0.265873016,0.03116,Under
16.82375236,433.6838125,420,0.123015873,0.03054,Under
26.45229145,434.3538655,410,0.115079365,0.03054,Under
2.190000628,439.178772,455,0.198412698,0.03023,Over
42.41647798,449.3678772,410,0.198412698,0.02951,Under
0.405001853,438.453825,485,0.301587302,0.02972,Over
10.84900053,447.5800236,440,0.087301587,0.02982,Under
10.65062715,429.8845552,430,0.257936508,0.03065,Under
9.750000035,446.0877318,455,0.373015873,0.03054,Under
7.869640397,446.2729933,440,0.035714286,0.03003,Under
25.54538595,438.8067653,415,0.099206349,0.03013,Under
1.754999998,431.372871,455,0.333333333,0.03034,Over
43.90950592,451.2212549,415,0.392857143,0.03044,Under
0.345000344,434.8916884,455,0.099206349,0.03013,Over
0.970000022,431.0203943,460,0.285714286,0.03168,Over
20.09211597,448.8851089,430,0.055555556,0.02962,Under
16.11023331,438.8067653,425,0.099206349,0.03013,Under
5.750000003,435.1144736,445,0.30952381,0.02962,Over
0.530003316,445.0663559,475,0.265873016,0.02982,Over
10.84787601,428.042219,425,0.170634921,0.03188,Under
8.000000005,434.0357221,440,0.305555556,0.02962,Over
5.560844837,444.2551857,440,0.027777778,0.02993,Over
36.96860936,453.9069217,420,0.150793651,0.03065,Under
14.96941146,447.68234,435,0.079365079,0.02993,Under
0.190000001,444.1861274,475,0.150793651,0.02993,Over
4.440000007,448.2183935,465,0.30952381,0.02951,Over
0.940007903,447.8912988,450,0.007936508,0.03044,Under
0.190000494,446.6764006,480,0.115079365,0.03044,Under
2.815000823,448.076828,470,0.313492063,0.02972,Over
0.345000001,435.1144736,470,0.30952381,0.02962,Over
7.208136262,434.7728549,430,0.043650794,0.03147,Under
16.1244093,433.7343048,425,0.202380952,0.03003,Under
18.82829054,446.7230743,440,0.369047619,0.03044,Under
6.749999998,432.3504711,435,0.174603175,0.03168,Over
0.405000001,446.1397613,480,0.305555556,0.03003,Over
0.78,440.5976748,455,0.091269841,0.03023,Over
29.67966858,445.3200266,420,0.218253968,0.02993,Under
31.83724859,428.042219,400,0.170634921,0.03188,Under
22.48175751,434.5644658,415,0.138888889,0.03003,Under
24.78066664,447.4149994,430,0.261904762,0.03054,Under
41.61352058,434.5644658,395,0.138888889,0.03003,Under
11.53244536,432.1676924,430,0.218253968,0.02993,Under
18.26867073,440.5976748,425,0.091269841,0.03023,Under
0.19000498,431.9636481,460,0.119047619,0.02972,Over
19.53125977,448.6627926,435,0.222222222,0.02972,Under
3.314999998,445.7165114,455,0.166666667,0.02972,Over
27.99247531,432.4600703,410,0.253968254,0.03044,Under
12.84266311,448.91484,440,0.107142857,0.03023,Under
21.20743697,448.6881092,435,0.25,0.03013,Under
9.285016968,435.8014478,435,0.202380952,0.02972,Over
31.91508407,430.6387189,405,0.28968254,0.03178,Under
26.63441433,450.3992978,425,0.067460317,0.03003,Under
39.5935996,439.0812026,405,0.293650794,0.02962,Under
13.60350174,441.3040754,430,0.071428571,0.03013,Under
37.02255869,429.3142924,395,0.150793651,0.03085,Under
45.41087258,444.3587258,405,0.345238095,0.03003,Under
7.315000074,438.4345037,445,0.293650794,0.02962,Over
36.5381305,434.1124784,400,0.142857143,0.03044,Under
32.67619204,441.0341462,410,0.087301587,0.03013,Under
10.86988449,429.2550328,420,0.031746032,0.03188,Under
11.277733,442.1827138,440,0.25,0.02993,Over
0.125000057,436.2317107,475,0.198412698,0.02962,Over
22.70765497,449.5572368,430,0.119047619,0.03044,Under
15.55423057,447.9019152,435,0.091269841,0.02982,Under
38.41651169,445.4044911,410,0.174603175,0.02993,Under
11.04625835,450.1225646,445,0.123015873,0.03054,Under
48.3500718,451.2212549,410,0.392857143,0.03044,Under
6.880000398,427.6047004,435,0.261904762,0.03085,Over
0.625001347,445.25269,475,0.277777778,0.02962,Over
6.000000004,448.076828,460,0.313492063,0.02972,Over
3.440000024,426.0250065,445,0.281746032,0.03188,Over
1.315000123,448.4573061,455,0.05952381,0.02962,Over
14.89750144,450.1225646,440,0.123015873,0.03054,Under
18.5039867,447.4146311,430,0.043650794,0.02982,Under
6.190000335,433.8638638,440,0.206349206,0.03013,Over
30.44046128,438.8067653,410,0.099206349,0.03013,Under
0.685001215,436.9585304,470,0.333333333,0.03023,Over
0.815000337,444.3587258,480,0.345238095,0.03003,Over
24.18469427,445.4044911,425,0.174603175,0.02993,Under
25.60947866,436.9585304,420,0.333333333,0.03023,Under
55.41320048,426.0250065,375,0.281746032,0.03188,Under
5.380000002,430.9376405,445,0.345238095,0.03054,Over
13.56135165,433.2991974,420,0.007936508,0.03065,Under
9.750000005,447.3204143,455,0.361111111,0.03013,Under
42.41000574,450.1225646,410,0.123015873,0.03054,Under
4.065000026,444.3587258,465,0.345238095,0.03003,Over
2.50500004,427.0155259,440,0.166666667,0.03126,Over
29.11509375,446.6764006,420,0.115079365,0.03044,Under
45.9476831,444.2168275,405,0.365079365,0.03044,Under
16.05074821,445.9374459,435,0.174603175,0.03034,Under
31.90784325,446.2729933,415,0.035714286,0.03003,Under
10.48191914,449.5572368,445,0.119047619,0.03044,Under
1.565000003,447.7306202,475,0.257936508,0.03044,Over
2.470000033,452.4036368,465,0.138888889,0.03023,Over
30.43391131,430.3466997,405,0.222222222,0.02951,Under
17.04149469,448.91484,435,0.107142857,0.03023,Under
22.82247608,435.1144736,420,0.30952381,0.02962,Under
3.255000001,429.2550328,430,0.031746032,0.03188,Under
3.815000003,432.1676924,445,0.218253968,0.02993,Over
31.48121412,435.1144736,410,0.30952381,0.02962,Under
7.17700603,447.5800236,445,0.087301587,0.02982,Over
48.1476828,448.076828,405,0.313492063,0.02972,Under
39.33953833,448.4573061,410,0.05952381,0.02962,Under
21.64182146,432.0383665,415,0.178571429,0.03178,Under
41.07151993,455.326664,415,0.043650794,0.03065,Under
34.49675717,432.6954787,405,0.349206349,0.03054,Under
51.87804372,454.5856958,405,0.142857143,0.03044,Under
4.690000003,439.0812026,455,0.293650794,0.02962,Over
2.56500063,447.4149994,470,0.261904762,0.03054,Over
9.108843094,448.91484,445,0.107142857,0.03023,Under
35.07189234,439.0812026,410,0.293650794,0.02962,Under
11.71009912,431.2968119,425,0.146825397,0.03065,Under
0.780000247,429.1267787,435,0.027777778,0.03126,Over
5.314999999,445.9456248,460,0.305555556,0.02962,Over
2.815001724,447.1399062,450,0.067460317,0.03034,Over
13.45640591,451.5328956,450,0.285714286,0.03065,Under
13.20245005,451.3352474,440,0.05952381,0.02951,Under
21.9832975,448.0366937,430,0.134920635,0.03034,Under
24.31601946,453.6235539,430,0.031746032,0.03023,Under
8.894432655,441.3800698,435,0.071428571,0.02962,Over
25.37697906,437.7385393,420,0.313492063,0.03013,Under
5.625009148,445.8472213,455,0.234126984,0.03003,Over
0.155000058,435.8014478,470,0.202380952,0.02972,Over
14.85018971,431.4105004,420,0.119047619,0.03075,Under
29.30710224,443.8164193,420,0.257936508,0.03003,Under
29.70271328,435.7231281,410,0.194444444,0.02962,Under
45.98437232,445.1287232,405,0.341269841,0.02982,Under
1.685000001,443.8164193,465,0.257936508,0.03003,Over
31.66432274,434.7576774,405,0.095238095,0.03003,Under
30.84910895,427.0155259,400,0.166666667,0.03126,Under
6.250000009,440.9534382,445,0.19047619,0.03013,Over
16.85448007,445.3079087,430,0.055555556,0.03065,Under
0.255000005,430.6387189,470,0.28968254,0.03178,Over
11.47303883,440.0024167,435,0.182539683,0.02962,Over
2.065005268,450.3793896,475,0.273809524,0.03023,Over
20.42379183,442.0791578,430,0.297619048,0.03065,Under
0.755000051,425.4723309,460,0.277777778,0.03126,Over
18.87400816,445.04224,430,0.146825397,0.03003,Under
27.63625446,441.3040754,415,0.071428571,0.03013,Under
30.78917946,445.25269,420,0.277777778,0.02962,Under
25.5002393,447.3553842,430,0.317460317,0.03003,Under
16.4861325,446.7189744,435,0.166666667,0.02962,Under
0.47000305,445.7899634,475,0.226190476,0.02982,Over
2.005003955,429.8845552,450,0.257936508,0.03065,Over
33.19509902,449.5514808,420,0.202380952,0.02972,Under
5.065000004,438.4345037,450,0.293650794,0.02962,Over
12.16080461,439.5547475,435,0.194444444,0.03013,Under
4.315005262,444.1861274,450,0.150793651,0.02993,Over
17.93991308,434.1124784,420,0.142857143,0.03044,Under
21.71983391,434.3538655,415,0.115079365,0.03054,Under
4.940000001,444.0382639,455,0.285714286,0.02993,Over
12.08677139,425.4723309,425,0.277777778,0.03126,Under
31.6218247,429.5789579,405,0.341269841,0.03075,Under
0.255000015,436.9585304,480,0.333333333,0.03023,Over
37.70405969,446.7356691,410,0.063492063,0.02993,Under
10.33640578,439.2501022,440,0.28968254,0.03023,Over
9.231624566,431.9013335,430,0.123015873,0.02993,Under
0.345000495,447.5800236,465,0.087301587,0.02982,Over
39.14807501,443.7345937,410,0.301587302,0.02972,Under
18.69673526,446.0877318,440,0.373015873,0.03054,Under
0.440000022,431.090249,455,0.115079365,0.02951,Over
12.02149819,432.4600703,430,0.253968254,0.03044,Under
9.787422436,432.3504711,430,0.174603175,0.03168,Under
52.85063254,451.2212549,405,0.392857143,0.03044,Under
2.220001505,445.8472213,465,0.234126984,0.03003,Over
1.815005009,432.8854371,450,0.226190476,0.03054,Over
27.68564266,443.9114394,420,0.162698413,0.03065,Under
36.42917167,450.3992978,415,0.067460317,0.03003,Under
0.780000889,453.6235539,460,0.031746032,0.03023,Over
0.625001733,429.5789579,465,0.341269841,0.03075,Over
17.48011608,432.0383665,420,0.178571429,0.03178,Under
32.5409841,446.1397613,420,0.305555556,0.03003,Under
0.160000021,439.5547475,475,0.194444444,0.03013,Over
0.375000002,444.3587258,485,0.345238095,0.03003,Over
38.52997854,447.4390092,415,0.333333333,0.02972,Under
6.315000002,434.1124784,435,0.142857143,0.03044,Over
18.06694184,435.0662955,420,0.126984127,0.03054,Under
20.76006585,435.8014478,420,0.202380952,0.02972,Under
2.755000023,432.0383665,445,0.178571429,0.03178,Over
12.07716547,445.9374459,440,0.174603175,0.03034,Over
5.905787886,448.7759098,445,0.027777778,0.03034,Under
7.315,445.7899634,450,0.226190476,0.02982,Over
39.40624515,439.2501022,405,0.28968254,0.03023,Under
27.64581619,446.5884697,420,0.05952381,0.02972,Under
52.02248152,427.7623364,380,0.265873016,0.03116,Under
31.80982999,434.1124784,405,0.142857143,0.03044,Under
6.440000005,445.9777397,460,0.357142857,0.03023,Over
2.345,441.3800698,445,0.071428571,0.02962,Over
33.31764837,433.9134008,405,0.238095238,0.03054,Under
0.125000002,442.6340807,465,0.083333333,0.03013,Over
1.625000013,449.2028174,455,0.063492063,0.03003,Over
14.92189408,446.2002336,440,0.281746032,0.02962,Over
40.58659767,448.0366937,410,0.134920635,0.03034,Under
7.145475751,449.2028174,445,0.063492063,0.03003,Over
3.255000001,433.4957861,440,0.111111111,0.02993,Over
26.97320188,446.2729933,420,0.035714286,0.03003,Under
3.690000481,455.8806188,455,0.035714286,0.03044,Over
32.35675382,426.0250065,400,0.281746032,0.03188,Under
26.63984563,445.8472213,425,0.234126984,0.03003,Under
12.52351684,443.0939992,435,0.138888889,0.02993,Over
27.86604132,436.4152726,410,0.083333333,0.02962,Under
6.879999997,427.0155259,430,0.166666667,0.03126,Under
40.71917061,425.4723309,390,0.277777778,0.03126,Under
34.5769761,444.0382639,415,0.285714286,0.02993,Under
25.68068132,434.7728549,410,0.043650794,0.03147,Under
3.940000055,446.7230743,470,0.369047619,0.03044,Over
26.8615219,434.1124784,410,0.142857143,0.03044,Under
31.91546145,434.8916884,405,0.099206349,0.03013,Under
22.72493837,444.1861274,425,0.150793651,0.02993,Under
5.315000147,440.4192668,445,0.178571429,0.03023,Over
13.74646232,433.3024073,420,0.007936508,0.02972,Under
4.005000002,433.8638638,445,0.206349206,0.03013,Over
10.79127423,447.68234,440,0.079365079,0.02993,Under
28.6350825,449.5514808,425,0.202380952,0.02972,Under
29.0179864,442.0791578,420,0.297619048,0.03065,Under
2.345000719,448.6627926,465,0.222222222,0.02972,Over
17.64261644,445.9777397,440,0.357142857,0.03023,Under
36.16611598,448.0150228,415,0.170634921,0.03003,Under
0.125000017,434.5644658,465,0.138888889,0.03003,Over
0.940000012,447.4149994,480,0.261904762,0.03054,Over
12.82458545,447.1663451,440,0.170634921,0.02962,Over
4.005000392,431.4105004,435,0.119047619,0.03075,Over
34.86965971,434.0357221,405,0.305555556,0.02962,Under
15.03480521,435.751429,430,0.317460317,0.03013,Over
0.125000278,432.8664657,475,0.25,0.03003,Over
27.55611887,440.5976748,415,0.091269841,0.03023,Under
10,431.541983,435,0.337301587,0.03054,Over
13.46160871,434.1124784,425,0.142857143,0.03044,Under
0.16000047,429.5789579,475,0.341269841,0.03075,Over
18.94034112,446.2002336,435,0.281746032,0.02962,Under
23.2481564,450.5560189,430,0.111111111,0.03013,Under
3.1900001,431.6185995,450,0.293650794,0.03147,Over
13.47485031,444.0382639,440,0.285714286,0.02993,Over
12.98026416,450.451879,440,0.083333333,0.02972,Under
0.1250023,446.1397613,490,0.305555556,0.03003,Over
0.155000054,436.2317107,470,0.198412698,0.02962,Over
1.755,439.2501022,460,0.28968254,0.03023,Over
0.160000016,434.1124784,460,0.142857143,0.03044,Over
0.56500001,442.6340807,455,0.083333333,0.03013,Over
5.750004982,431.2846156,440,0.23015873,0.02972,Over
12.13,438.453825,440,0.301587302,0.02972,Under
0.125000196,445.9456248,500,0.305555556,0.02962,Over
9.917631469,452.6493258,450,0.146825397,0.03054,Under
3.315000075,450.3793896,470,0.273809524,0.03023,Over
7.67007688,438.8067653,435,0.099206349,0.03013,Over
5.499999998,443.7345937,455,0.301587302,0.02972,Over
0.160000011,434.3538655,455,0.115079365,0.03054,Over
1.125,449.3678772,470,0.198412698,0.02951,Over
1.25,436.8978738,455,0.206349206,0.03013,Over
47.8652732,446.0877318,405,0.373015873,0.03054,Under
0.190011022,450.451879,470,0.083333333,0.02972,Over
32.31558172,444.3587258,420,0.345238095,0.03003,Under
26.8670793,437.340595,415,0.21031746,0.03013,Under
8.050722377,447.7148387,445,0.095238095,0.03003,Under
0.160000449,444.2551857,455,0.027777778,0.02993,Over
31.75513675,434.5644658,405,0.138888889,0.03003,Under
0.315000003,431.372871,470,0.333333333,0.03034,Over
31.27474935,434.3538655,405,0.115079365,0.03054,Under
0.785000004,431.2968119,450,0.146825397,0.03065,Over
30.17230627,443.7345937,420,0.301587302,0.02972,Under
4.315000004,442.5253661,455,0.261904762,0.02993,Over
11.25000001,448.2183935,450,0.30952381,0.02951,Under
11.161346,438.2392193,430,0.095238095,0.03013,Over
30.57980498,445.7970745,420,0.23015873,0.02982,Under
22.52009106,446.0877318,435,0.373015873,0.03054,Under
13.33516753,447.4149994,445,0.261904762,0.03054,Under
3.875000067,447.3204143,470,0.361111111,0.03013,Over
26.89860742,434.7576774,410,0.095238095,0.03003,Under
0.410000003,441.70592,455,0.051587302,0.02972,Over
44.8031436,447.1663451,405,0.170634921,0.02962,Under
12.65325157,431.9013335,425,0.123015873,0.02993,Under
20.63926133,443.8164193,430,0.257936508,0.03003,Under
0.315001989,452.4036368,480,0.138888889,0.03023,Over
21.73213364,447.4390092,435,0.333333333,0.02972,Under
27.97580973,450.8517371,430,0.281746032,0.03054,Under
36.89014441,450.8517371,420,0.281746032,0.03054,Under
2.005001259,439.5547475,455,0.194444444,0.03013,Over
3.815000018,437.7385393,455,0.313492063,0.03013,Over
24.37539872,439.178772,420,0.198412698,0.03023,Under
0.125000105,432.4007399,475,0.234126984,0.03054,Over
0.440002128,426.0250065,465,0.281746032,0.03188,Over
0.155000013,427.7623364,475,0.265873016,0.03116,Over
21.06780507,436.2317107,420,0.198412698,0.02962,Under
1.815001776,432.6332958,450,0.182539683,0.03147,Over
36.21649151,450.3793896,420,0.273809524,0.03023,Under
12.33295179,447.2855227,445,0.246031746,0.03023,Under
24.97670518,431.9636481,410,0.119047619,0.02972,Under
6.379346063,434.6381069,430,0.035714286,0.03168,Over
18.15775258,441.3040754,425,0.071428571,0.03013,Under
33.50757158,445.4044911,415,0.174603175,0.02993,Under
1.065001226,451.3352474,460,0.05952381,0.02951,Over
18.49783842,428.9963681,415,0.154761905,0.03116,Under
0.470001825,429.8672081,460,0.23015873,0.03075,Over
12.91179968,433.4957861,425,0.111111111,0.02993,Under
18.86220782,435.751429,425,0.317460317,0.03013,Under
0.125000012,440.0674167,480,0.182539683,0.02962,Over
34.5508912,433.8867624,400,0.03968254,0.03178,Under
5.468223322,433.310033,430,0.011904762,0.02993,Under
11.76669892,439.0812026,440,0.293650794,0.02962,Under
13.5862943,435.0662955,425,0.126984127,0.03054,Over
1.470000002,444.3971635,475,0.273809524,0.03034,Over
34.92731742,438.453825,410,0.301587302,0.02972,Under
41.12799728,428.042219,390,0.170634921,0.03188,Under
0.440003183,439.0812026,480,0.293650794,0.02962,Over
0.410001816,432.1676924,465,0.218253968,0.02993,Over